YEAR,Date,Temperature,Humidity,Precipitation,Wind,Moisture,Crops
2016,1/1/2016,19.52,74.12,0,1.27,0.66,Boro
2016,1/2/2016,19.8,71.12,0,1.27,0.65,Boro
2016,1/3/2016,19.48,70.81,0,1.1,0.65,Boro
2016,1/4/2016,19.04,72.5,0,1.38,0.64,Boro
2016,1/5/2016,18.82,73.75,0,1.31,0.64,Boro
2016,1/6/2016,18.75,74,0,1.57,0.63,Boro
2016,1/7/2016,19.25,74.56,0,1.41,0.62,Boro
2016,1/8/2016,19.51,70,0,1.2,0.62,Boro
2016,1/9/2016,19.7,74.69,0.03,1.39,0.62,Boro
2016,1/10/2016,19.81,75.12,0.13,1.23,0.62,Boro
2016,1/11/2016,19.49,72.62,0,1.37,0.61,Boro
2016,1/12/2016,18.07,66.5,0,1.66,0.61,Boro
2016,1/13/2016,18.46,65.38,0,1.39,0.6,Boro
2016,1/14/2016,18.73,68.25,0,1.45,0.59,Boro
2016,1/15/2016,18.77,66.81,0,1.46,0.59,Boro
2016,1/16/2016,19.9,64.5,0,1.2,0.59,Boro
2016,1/17/2016,19.72,66.06,0,1.33,0.59,Boro
2016,1/18/2016,18.8,64.94,0,1.62,0.58,Boro
2016,1/19/2016,19.59,65,0,1.3,0.58,Boro
2016,1/20/2016,20.82,62.06,0,1.05,0.57,Boro
2016,1/21/2016,18.91,79.81,1.78,1.98,0.58,Boro
2016,1/22/2016,17.9,74.75,0.5,2.1,0.57,Boro
2016,1/23/2016,16.67,74.25,0,2.05,0.56,Boro
2016,1/24/2016,16.08,66.88,0,2.19,0.55,Boro
2016,1/25/2016,16.37,65.19,0,1.66,0.55,Boro
2016,1/26/2016,17.07,60.81,0,1.46,0.55,Boro
2016,1/27/2016,17.3,61.81,0,1.34,0.55,Boro
2016,1/28/2016,18.01,71.38,0,1.58,0.54,Boro
2016,1/29/2016,20.2,70.62,0,1.25,0.54,Boro
2016,1/30/2016,19.98,62.75,0,1.12,0.53,Boro
2016,1/31/2016,20.21,69.25,0,1.49,0.53,Boro
2016,2/1/2016,20.74,77.81,0.09,1.25,0.52,Boro
2016,2/2/2016,21.58,71.25,0,1.25,0.52,Boro
2016,2/3/2016,21.58,66.19,0,1.27,0.52,Boro
2016,2/4/2016,20.1,65.75,0,1.88,0.51,Boro
2016,2/5/2016,19.47,64.06,0,1.86,0.5,Boro
2016,2/6/2016,20.15,58.31,0,1.72,0.5,Boro
2016,2/7/2016,20.57,56.75,0,1.41,0.49,Boro
2016,2/8/2016,20.24,72.62,0,2.06,0.48,Boro
2016,2/9/2016,21.06,84.88,0.03,2.17,0.48,Boro
2016,2/10/2016,21.59,81.19,0.08,1.65,0.48,Boro
2016,2/11/2016,21.89,78,0.02,1.68,0.48,Boro
2016,2/12/2016,22.22,86.5,2.46,2.4,0.49,Boro
2016,2/13/2016,23.22,77.38,0.34,1.5,0.48,Boro
2016,2/14/2016,23.72,71.19,0,1.18,0.47,Boro
2016,2/15/2016,24.65,64.75,0,1.34,0.46,Boro
2016,2/16/2016,25.12,60.06,0,1.46,0.45,Boro
2016,2/17/2016,25.54,56.31,0,1.48,0.45,Boro
2016,2/18/2016,25.21,60.44,0,1.52,0.45,Boro
2016,2/19/2016,25.13,76.69,0,2.03,0.44,Boro
2016,2/20/2016,25.06,80.5,0,2.83,0.44,Boro
2016,2/21/2016,25.12,83.62,0,3.59,0.44,Boro
2016,2/22/2016,25.47,83.69,0.04,3.58,0.44,Boro
2016,2/23/2016,24.98,83,1.01,2.66,0.44,Boro
2016,2/24/2016,24.25,87.12,15.25,2.37,0.54,Boro
2016,2/25/2016,23.25,77.12,19.15,1.3,0.59,Boro
2016,2/26/2016,24.58,63.19,0.1,1.71,0.5,Boro
2016,2/27/2016,24.69,67.19,1.52,0.93,0.51,Boro
2016,2/28/2016,25.67,59.5,0,1.41,0.48,Boro
2016,2/29/2016,25.84,60.19,0,1.28,0.47,Boro
2016,3/1/2016,25.63,66.19,0,1.38,0.46,Aus
2016,3/2/2016,25.87,66.94,0,1.45,0.45,Aus
2016,3/3/2016,25.95,65.75,0,1.52,0.45,Aus
2016,3/4/2016,25.83,71.56,0,1.75,0.45,Aus
2016,3/5/2016,26.42,68.62,0,1.59,0.44,Aus
2016,3/6/2016,27.26,67.06,0,1.38,0.44,Aus
2016,3/7/2016,26.83,65.88,0.3,1.5,0.43,Aus
2016,3/8/2016,26.8,68.5,0,1.85,0.42,Aus
2016,3/9/2016,27.08,73.12,0,2.19,0.42,Aus
2016,3/10/2016,27.37,69.88,0,1.95,0.41,Aus
2016,3/11/2016,26.95,70.94,0,1.69,0.41,Aus
2016,3/12/2016,27.3,74.12,0,1.89,0.42,Aus
2016,3/13/2016,28.24,69.69,0,1.76,0.41,Aus
2016,3/14/2016,28.05,63.38,0,1.63,0.41,Aus
2016,3/15/2016,27.21,53.12,0,1.55,0.4,Aus
2016,3/16/2016,27.58,64.44,0,1.7,0.39,Aus
2016,3/17/2016,27.76,64.31,0.05,1.51,0.39,Aus
2016,3/18/2016,27.12,65.12,0.15,1.77,0.38,Aus
2016,3/19/2016,26.98,72.31,2.12,2.16,0.41,Aus
2016,3/20/2016,26.81,77.5,7.09,2.4,0.46,Aus
2016,3/21/2016,27.08,82.06,23.14,2.84,0.55,Aus
2016,3/22/2016,26.83,82.75,12.6,2.52,0.54,Aus
2016,3/23/2016,26.98,81.5,2.17,2.68,0.48,Aus
2016,3/24/2016,27.55,71.62,0.62,1.91,0.45,Aus
2016,3/25/2016,28.29,64.31,0,1.7,0.44,Aus
2016,3/26/2016,27.85,71.94,0,1.94,0.43,Aus
2016,3/27/2016,27.09,78.25,0,3.36,0.42,Aus
2016,3/28/2016,26.63,79.06,9.58,3.84,0.46,Aus
2016,3/29/2016,26.46,80.62,16.69,3.09,0.57,Aus
2016,3/30/2016,27.12,78.06,4.4,2.53,0.51,Aus
2016,3/31/2016,25.82,84.44,15.56,2.12,0.55,Aus
2016,4/1/2016,23.98,89.5,18.49,2.22,0.64,Aus
2016,4/2/2016,25.93,80.88,0.86,2.19,0.55,Aus
2016,4/3/2016,26.83,83.06,1.32,2.84,0.53,Aus
2016,4/4/2016,27.13,81.75,0.33,3.77,0.52,Aus
2016,4/5/2016,27.3,80.5,0.18,4.47,0.51,Aus
2016,4/6/2016,27.73,80.69,0.17,4.73,0.5,Aus
2016,4/7/2016,28.05,79.19,0,4.15,0.48,Aus
2016,4/8/2016,28.32,77.62,0,2.91,0.48,Aus
2016,4/9/2016,28.26,79.69,0,3.34,0.47,Aus
2016,4/10/2016,28.57,79.56,0,4.16,0.46,Aus
2016,4/11/2016,28.76,77,0.01,3.96,0.45,Aus
2016,4/12/2016,29.1,78.06,0.01,4.88,0.45,Aus
2016,4/13/2016,29,79.44,1.03,5.11,0.45,Aus
2016,4/14/2016,28.83,79.12,4.59,4.89,0.48,Aus
2016,4/15/2016,28.61,80.38,8.67,4.5,0.52,Aus
2016,4/16/2016,29.01,80.31,4.36,5.25,0.5,Aus
2016,4/17/2016,29.09,76.31,0,4.41,0.46,Aus
2016,4/18/2016,28.64,76.25,0,4.36,0.45,Aus
2016,4/19/2016,29.12,74.38,0,4.72,0.45,Aus
2016,4/20/2016,28.63,74.81,0,4.59,0.45,Aus
2016,4/21/2016,29,73.56,0.01,5.67,0.44,Aus
2016,4/22/2016,29.3,74.69,0.03,6.09,0.43,Aus
2016,4/23/2016,29.66,73.88,0.02,6.32,0.42,Aus
2016,4/24/2016,29.73,76.25,0.26,5.58,0.42,Aus
2016,4/25/2016,29.91,74.69,0.51,4.88,0.42,Aus
2016,4/26/2016,29.45,75.88,0.11,3.69,0.42,Aus
2016,4/27/2016,29.19,75.5,0,3.03,0.42,Aus
2016,4/28/2016,28.91,78.44,0.26,3.02,0.42,Aus
2016,4/29/2016,28.62,82.88,0.66,3.16,0.43,Aus
2016,4/30/2016,28.55,83.38,0.03,3.06,0.42,Aus
2016,5/1/2016,29.3,77,2.82,4.05,0.43,Aman
2016,5/2/2016,28.31,81.31,13.44,3.51,0.52,Aman
2016,5/3/2016,28.1,79.38,11.28,2.55,0.53,Aman
2016,5/4/2016,28.02,82.19,5.8,2.36,0.52,Aman
2016,5/5/2016,28.91,74.06,2.57,1.96,0.48,Aman
2016,5/6/2016,28.26,77.94,6,1.99,0.5,Aman
2016,5/7/2016,27.83,76.19,1.99,1.4,0.48,Aman
2016,5/8/2016,28.31,74.31,7.39,1.46,0.52,Aman
2016,5/9/2016,28.4,75.25,1.62,1.1,0.49,Aman
2016,5/10/2016,29.22,72.38,0.27,1.3,0.48,Aman
2016,5/11/2016,29.73,74.44,0.01,1.48,0.46,Aman
2016,5/12/2016,29.66,74.62,1.58,2.05,0.46,Aman
2016,5/13/2016,27.86,86.19,20.58,2.94,0.59,Aman
2016,5/14/2016,28.54,83.75,18.93,2.87,0.62,Aman
2016,5/15/2016,29.08,80.81,5.98,2.95,0.57,Aman
2016,5/16/2016,29.44,81.5,0.04,3.77,0.52,Aman
2016,5/17/2016,29.2,82.12,1.68,3.68,0.52,Aman
2016,5/18/2016,29.31,83.94,36.89,3.44,0.66,Aman
2016,5/19/2016,27.58,88,51.64,3.62,0.77,Aman
2016,5/20/2016,26.7,92.38,122.24,4.08,0.92,Aman
2016,5/21/2016,27.48,92.56,95.5,6.05,0.92,Aman
2016,5/22/2016,28.87,82.44,2.18,3.37,0.84,Aman
2016,5/23/2016,28.65,88.75,1.11,2.74,0.83,Aman
2016,5/24/2016,28.76,87.06,0.43,2.75,0.82,Aman
2016,5/25/2016,29.23,82.75,3.48,3.19,0.81,Aman
2016,5/26/2016,28.11,88.12,14.17,2.84,0.84,Aman
2016,5/27/2016,28.73,83.62,5.55,2.46,0.82,Aman
2016,5/28/2016,28.54,84.88,12.99,2.85,0.83,Aman
2016,5/29/2016,28.26,87.69,11.01,3.15,0.83,Aman
2016,5/30/2016,28.3,87.25,0.76,2.56,0.81,Aman
2016,5/31/2016,28.51,86.44,6.53,3.11,0.81,Aman
2016,6/1/2016,27.7,87.44,7.83,2.54,0.82,Aman
2016,6/2/2016,28.33,85.5,2.18,2.41,0.8,Aman
2016,6/3/2016,28.73,85.25,5.72,2.38,0.8,Aman
2016,6/4/2016,27.78,81.75,1.16,2.5,0.8,Aman
2016,6/5/2016,27.87,89.38,10.84,2.76,0.82,Aman
2016,6/6/2016,28.05,85.38,25.03,3.52,0.84,Aman
2016,6/7/2016,27.32,91.38,18.65,3.95,0.85,Aman
2016,6/8/2016,27.69,90.19,23.54,4.23,0.87,Aman
2016,6/9/2016,27.42,90.38,3.5,4.88,0.84,Aman
2016,6/10/2016,28.12,91.62,10.11,5.02,0.84,Aman
2016,6/11/2016,28.44,92.81,18.87,4.05,0.87,Aman
2016,6/12/2016,27.9,91.5,19.64,4.09,0.88,Aman
2016,6/13/2016,26.85,93.44,9.37,4.13,0.87,Aman
2016,6/14/2016,28.03,90.44,4.15,3.38,0.86,Aman
2016,6/15/2016,27.79,89.19,3.44,3.41,0.86,Aman
2016,6/16/2016,28.07,87,4.02,3.44,0.85,Aman
2016,6/17/2016,28.1,87.5,23.18,3.85,0.88,Aman
2016,6/18/2016,28.26,87.62,4.83,4.14,0.86,Aman
2016,6/19/2016,28.3,86.56,6.48,3.57,0.86,Aman
2016,6/20/2016,28.28,86.88,46.65,2.94,0.91,Aman
2016,6/21/2016,28.51,87.88,25.75,2.85,0.89,Aman
2016,6/22/2016,28.15,89.12,5.84,2.47,0.88,Aman
2016,6/23/2016,28.44,88.38,9.83,2.12,0.88,Aman
2016,6/24/2016,28.71,85.38,9.49,2.17,0.88,Aman
2016,6/25/2016,28.88,85.19,3.68,1.96,0.88,Aman
2016,6/26/2016,29.39,85.25,5.63,2.47,0.88,Aman
2016,6/27/2016,29.19,86.31,7.64,3.09,0.87,Aman
2016,6/28/2016,29.38,86.31,5.45,2.72,0.87,Aman
2016,6/29/2016,29.3,87.06,8.15,2.52,0.87,Aman
2016,6/30/2016,29.08,86.88,6.9,2.98,0.87,Aman
2016,7/1/2016,28.78,88.19,18.65,4.42,0.88,Aman
2016,7/2/2016,28.37,91.44,49.69,5.04,0.91,Aman
2016,7/3/2016,28.37,91.88,165.44,5.96,0.95,Aman
2016,7/4/2016,28.12,92.19,129.91,5.7,0.98,Aman
2016,7/5/2016,27.94,92.81,113.36,5.65,0.98,Aman
2016,7/6/2016,28.39,89.5,51.84,4.11,0.98,Aman
2016,7/7/2016,28.71,88.44,25.04,3.53,0.97,Aman
2016,7/8/2016,28.48,88.94,17.39,3.27,0.96,Aman
2016,7/9/2016,28.13,90.12,13.64,4.2,0.95,Aman
2016,7/10/2016,27.56,90.06,15.55,3.58,0.95,Aman
2016,7/11/2016,28.13,88.88,6.89,4.07,0.95,Aman
2016,7/12/2016,28.12,88.81,31.78,4,0.95,Aman
2016,7/13/2016,28.22,89.81,79.98,3.56,0.97,Aman
2016,7/14/2016,28.33,88.38,42.61,3.33,0.97,Aman
2016,7/15/2016,27.9,90,47.83,5.09,0.97,Aman
2016,7/16/2016,26.94,91.31,78.65,4.43,0.98,Aman
2016,7/17/2016,27.54,89.94,98.45,4.27,0.99,Aman
2016,7/18/2016,27.47,88.81,96.7,3.65,0.98,Aman
2016,7/19/2016,27.8,89.94,69.8,3.94,0.98,Aman
2016,7/20/2016,28.24,89.12,19.61,3.32,0.98,Aman
2016,7/21/2016,28.28,88.25,12.08,3.61,0.97,Aman
2016,7/22/2016,27.4,90.19,12.07,3.65,0.96,Aman
2016,7/23/2016,27.65,89.75,9.72,3.55,0.95,Aman
2016,7/24/2016,27.26,90.38,17.25,3.05,0.95,Aman
2016,7/25/2016,26.69,91.62,67.63,3.57,0.97,Aman
2016,7/26/2016,27.06,86.5,27.96,2.69,0.97,Aman
2016,7/27/2016,28.88,78,1,1.43,0.95,Aman
2016,7/28/2016,28.23,86.81,3.85,1.85,0.95,Aman
2016,7/29/2016,27.99,88.19,7.59,1.62,0.95,Aman
2016,7/30/2016,28.35,85.88,30.24,2.09,0.95,Aman
2016,7/31/2016,27.44,88.56,19.01,1.86,0.95,Aman
2016,8/1/2016,27.81,87,52.67,2.84,0.96,Aman
2016,8/2/2016,27.87,89.38,11.06,3.06,0.95,Aman
2016,8/3/2016,28.16,88.81,4.58,3.15,0.95,Aman
2016,8/4/2016,28.18,88.94,3.71,3.48,0.95,Aman
2016,8/5/2016,27.6,90.5,14.2,4.22,0.94,Aman
2016,8/6/2016,27.49,89.31,70.42,4.52,0.95,Aman
2016,8/7/2016,27.43,89.19,33.57,3.63,0.96,Aman
2016,8/8/2016,27.15,92.25,11.8,4.59,0.95,Aman
2016,8/9/2016,27.37,91.25,53.54,4.53,0.97,Aman
2016,8/10/2016,27.02,93.25,137.24,5.87,0.98,Aman
2016,8/11/2016,27.8,90.94,54.37,3.87,0.98,Aman
2016,8/12/2016,27.79,89.31,60.36,3.52,0.98,Aman
2016,8/13/2016,28.1,89.38,24.15,2.77,0.98,Aman
2016,8/14/2016,28.35,88.31,27.34,2.65,0.98,Aman
2016,8/15/2016,28.58,87.69,6.5,2.25,0.96,Aman
2016,8/16/2016,28.91,86,6.04,2.87,0.95,Aman
2016,8/17/2016,27.8,90.62,12.15,5.65,0.95,Aman
2016,8/18/2016,28.1,88.94,7.05,3.36,0.95,Aman
2016,8/19/2016,28.15,87.88,8.81,2.41,0.94,Aman
2016,8/20/2016,28.55,86.94,7.94,2.09,0.93,Aman
2016,8/21/2016,26.79,92.94,150.73,6.98,0.98,Aman
2016,8/22/2016,27.44,87.19,9.21,2.73,0.96,Aman
2016,8/23/2016,28.24,81.44,1.53,1.48,0.95,Aman
2016,8/24/2016,29.1,81.19,10.56,1.19,0.95,Aman
2016,8/25/2016,29.27,85.88,16.35,1.22,0.95,Aman
2016,8/26/2016,28.08,89.56,12.04,1.59,0.95,Aman
2016,8/27/2016,29.12,83,22.91,1.39,0.95,Aman
2016,8/28/2016,28.01,88.25,58.84,2.1,0.97,Aman
2016,8/29/2016,28.58,85.44,29.33,1.73,0.97,Aman
2016,8/30/2016,28.3,88.38,7.51,2.83,0.96,Aman
2016,8/31/2016,27.93,89.06,27.27,3.8,0.96,Aman
2016,9/1/2016,28.02,91.5,74.22,3.7,0.98,Aman
2016,9/2/2016,28.13,91.06,92.75,3.23,0.99,Aman
2016,9/3/2016,28.12,91.81,41.04,3.48,0.98,Aman
2016,9/4/2016,27.99,91.12,76.43,3.77,0.98,Aman
2016,9/5/2016,27.4,91.62,12.87,4.43,0.98,Aman
2016,9/6/2016,27.31,90.44,18.57,4.49,0.97,Aman
2016,9/7/2016,27.77,88.88,12.72,3.33,0.96,Aman
2016,9/8/2016,27.99,87.94,5.44,3.04,0.95,Aman
2016,9/9/2016,28.19,85.75,1.54,2.68,0.95,Aman
2016,9/10/2016,28.15,86.06,4.95,2.2,0.94,Aman
2016,9/11/2016,27.87,86.75,12.45,2.08,0.94,Aman
2016,9/12/2016,27.65,87.44,25.84,2.13,0.95,Aman
2016,9/13/2016,27.33,84.12,18.18,2.3,0.95,Aman
2016,9/14/2016,28.26,84,60.62,1.73,0.95,Aman
2016,9/15/2016,28.57,82.06,5.5,1.29,0.95,Aman
2016,9/16/2016,28.74,82.69,5.38,1.47,0.95,Aman
2016,9/17/2016,28.27,86.25,6.24,1.82,0.94,Aman
2016,9/18/2016,28.65,84.75,5.03,1.77,0.94,Aman
2016,9/19/2016,28.34,85.88,4.35,1.55,0.93,Aman
2016,9/20/2016,27.98,87.44,35.17,1.23,0.95,Aman
2016,9/21/2016,28.19,83.56,32.9,1.33,0.95,Aman
2016,9/22/2016,27.88,82.38,5.07,1.09,0.95,Aman
2016,9/23/2016,28.19,85.38,3.84,2.05,0.95,Aman
2016,9/24/2016,28.22,87,10.88,2.16,0.95,Aman
2016,9/25/2016,28.32,85.5,14.33,1.67,0.95,Aman
2016,9/26/2016,28.74,82.5,15.98,1.23,0.95,Aman
2016,9/27/2016,28.8,81.44,35.63,1.05,0.95,Aman
2016,9/28/2016,27.7,89.44,53.13,1.75,0.97,Aman
2016,9/29/2016,28.44,85.62,12.47,2.09,0.96,Aman
2016,9/30/2016,28.97,83.38,5.96,1.57,0.95,Aman
2016,10/1/2016,28.88,84.69,8.99,1.39,0.95,Aman
2016,10/2/2016,28.89,83.81,22.49,0.93,0.96,Aman
2016,10/3/2016,28.76,85.25,23.15,1.43,0.96,Aman
2016,10/4/2016,28.69,85.38,15.14,1.27,0.96,Aman
2016,10/5/2016,27.22,91.12,21.72,2.04,0.96,Aman
2016,10/6/2016,27.82,87.38,18.46,1.76,0.97,Aman
2016,10/7/2016,27.98,87.75,13.45,1.76,0.96,Aman
2016,10/8/2016,28.01,87.81,12.25,2.07,0.96,Aman
2016,10/9/2016,27.9,89,23.23,2.72,0.96,Aman
2016,10/10/2016,27.21,90.12,45.53,4,0.97,Aman
2016,10/11/2016,26.67,92.38,172.15,4.15,0.99,Aman
2016,10/12/2016,26.37,92.5,78.9,4.06,0.99,Aman
2016,10/13/2016,27.38,85.75,15.97,1.58,0.98,Aman
2016,10/14/2016,28.2,78.69,11.61,0.91,0.98,Aman
2016,10/15/2016,28.09,81.25,14.34,1.32,0.98,Aman
2016,10/16/2016,28.01,84.75,0,1.72,0.96,Aman
2016,10/17/2016,28.14,85.44,0.02,2.07,0.95,Aman
2016,10/18/2016,28.01,85.88,0.03,2.09,0.94,Aman
2016,10/19/2016,28.04,83.38,0.06,1.51,0.93,Aman
2016,10/20/2016,27.57,80.25,0.01,1.58,0.92,Aman
2016,10/21/2016,26.87,79.38,0,1.81,0.91,Aman
2016,10/22/2016,26.01,79.88,0,1.92,0.91,Aman
2016,10/23/2016,25.35,82.69,0,2.09,0.91,Aman
2016,10/24/2016,25.64,82.75,0,1.81,0.9,Aman
2016,10/25/2016,26.91,80.31,0.03,1.37,0.89,Aman
2016,10/26/2016,27.37,82.88,0.16,1.27,0.89,Aman
2016,10/27/2016,27.84,78.12,1.24,0.96,0.88,Aman
2016,10/28/2016,27.19,80.81,3.18,1.53,0.88,Aman
2016,10/29/2016,26.9,82.38,12.55,1.29,0.89,Aman
2016,10/30/2016,26.91,78.31,1.84,1.39,0.88,Aman
2016,10/31/2016,27.72,74.19,3.24,0.82,0.88,Aman
2016,11/1/2016,27.46,79.62,0.79,1.12,0.88,Boro
2016,11/2/2016,28.06,79.94,0.49,0.79,0.87,Boro
2016,11/3/2016,26.99,84.44,0.79,0.88,0.87,Boro
2016,11/4/2016,25.98,79.94,22.44,1.22,0.89,Boro
2016,11/5/2016,24.63,88,131.56,1.99,0.95,Boro
2016,11/6/2016,26.47,90.38,105.48,3.08,0.96,Boro
2016,11/7/2016,25.9,88.31,42.58,2.12,0.96,Boro
2016,11/8/2016,24.75,80.25,0.94,1.73,0.96,Boro
2016,11/9/2016,23.7,80.81,0,1.56,0.95,Boro
2016,11/10/2016,24.12,79.25,0,1.31,0.95,Boro
2016,11/11/2016,24.19,72.44,0,1.09,0.94,Boro
2016,11/12/2016,23.93,72.06,0,0.98,0.94,Boro
2016,11/13/2016,23.33,80.25,0,1.64,0.93,Boro
2016,11/14/2016,23.44,87.12,0,1.97,0.92,Boro
2016,11/15/2016,23.53,82.69,0,1.78,0.91,Boro
2016,11/16/2016,23.47,81.62,0,1.7,0.91,Boro
2016,11/17/2016,23.07,83.19,0,1.72,0.91,Boro
2016,11/18/2016,22.76,82.81,0,1.88,0.9,Boro
2016,11/19/2016,22.49,81.5,0,1.65,0.9,Boro
2016,11/20/2016,22.65,75.19,0,1.41,0.89,Boro
2016,11/21/2016,22.06,74.88,0,1.41,0.89,Boro
2016,11/22/2016,21.84,76.5,0,1.47,0.88,Boro
2016,11/23/2016,21.83,74.81,0,1.16,0.88,Boro
2016,11/24/2016,22.04,72.31,0,1.19,0.88,Boro
2016,11/25/2016,21.93,72.5,0,1.25,0.88,Boro
2016,11/26/2016,22.15,75.25,0,1.19,0.87,Boro
2016,11/27/2016,22.89,74,1.22,0.87,0.87,Boro
2016,11/28/2016,23.37,69.38,3.76,0.62,0.87,Boro
2016,11/29/2016,22.98,76.69,0.08,0.95,0.87,Boro
2016,11/30/2016,23.23,79.75,0,0.9,0.86,Boro
2016,12/1/2016,23.24,75.12,0,0.84,0.86,Boro
2016,12/2/2016,23.22,72.31,0,1.09,0.86,Boro
2016,12/3/2016,22.38,81.44,0,1.5,0.85,Boro
2016,12/4/2016,22.06,82.88,0,1.89,0.85,Boro
2016,12/5/2016,22.18,80.94,0,1.41,0.84,Boro
2016,12/6/2016,22.62,75.81,0,1.13,0.84,Boro
2016,12/7/2016,22.9,66.12,0,0.91,0.84,Boro
2016,12/8/2016,22.17,73.38,0,1.21,0.84,Boro
2016,12/9/2016,21.99,80.69,0,1.51,0.84,Boro
2016,12/10/2016,21.72,82.31,0,1.95,0.83,Boro
2016,12/11/2016,21.44,82.88,0,1.82,0.83,Boro
2016,12/12/2016,20.69,82.19,0,1.64,0.82,Boro
2016,12/13/2016,19.78,83.12,0,1.94,0.82,Boro
2016,12/14/2016,19.18,83.5,0,1.99,0.82,Boro
2016,12/15/2016,19.02,85.19,0.05,2.09,0.81,Boro
2016,12/16/2016,19.65,85.62,0,1.8,0.81,Boro
2016,12/17/2016,20.69,83.75,0,1.25,0.81,Boro
2016,12/18/2016,21.14,80.75,0,1.05,0.8,Boro
2016,12/19/2016,20.13,80.62,0,1.15,0.8,Boro
2016,12/20/2016,19.94,82.5,0,1.43,0.8,Boro
2016,12/21/2016,19.34,84.38,0,1.61,0.8,Boro
2016,12/22/2016,19.9,83.56,0,1.34,0.8,Boro
2016,12/23/2016,21.15,82.06,0,0.9,0.8,Boro
2016,12/24/2016,21.57,81.12,0,0.91,0.8,Boro
2016,12/25/2016,21.63,84.19,0,1.09,0.79,Boro
2016,12/26/2016,22.05,80.31,0,0.93,0.79,Boro
2016,12/27/2016,21.14,80.5,0,1.5,0.79,Boro
2016,12/28/2016,19.68,83.75,0,1.86,0.78,Boro
2016,12/29/2016,20.31,81.81,0,1.14,0.78,Boro
2016,12/30/2016,20.62,82.56,0,1.11,0.77,Boro
2016,12/31/2016,20.47,79.44,0,1.11,0.77,Boro
2017,1/1/2017,20.42,77.75,0,1.27,0.77,Boro
2017,1/2/2017,20.51,77.56,0,1.34,0.77,Boro
2017,1/3/2017,20.43,75.69,0,1.41,0.77,Boro
2017,1/4/2017,19.73,78.94,0,1.67,0.76,Boro
2017,1/5/2017,19.48,80.69,0.01,1.98,0.76,Boro
2017,1/6/2017,18.87,80.12,0,1.98,0.75,Boro
2017,1/7/2017,18.67,77.12,0,1.77,0.75,Boro
2017,1/8/2017,18.4,76.5,0,1.94,0.74,Boro
2017,1/9/2017,18.64,78.25,0,1.97,0.74,Boro
2017,1/10/2017,19.24,78.62,0,1.8,0.73,Boro
2017,1/11/2017,18.35,83.31,0,2.31,0.73,Boro
2017,1/12/2017,17.19,79.06,0,2.47,0.73,Boro
2017,1/13/2017,15.76,78.19,0,2.66,0.72,Boro
2017,1/14/2017,14.72,75.94,0.36,2.42,0.72,Boro
2017,1/15/2017,15.78,76.12,0,1.99,0.71,Boro
2017,1/16/2017,16.9,76.75,0,1.82,0.71,Boro
2017,1/17/2017,17.33,74.62,0,1.91,0.7,Boro
2017,1/18/2017,17.46,75.06,0,2.13,0.7,Boro
2017,1/19/2017,18.38,75.94,0,1.99,0.7,Boro
2017,1/20/2017,18.27,78.94,0,2.14,0.69,Boro
2017,1/21/2017,18.22,76.5,0,1.98,0.69,Boro
2017,1/22/2017,18.69,72.56,0,1.95,0.68,Boro
2017,1/23/2017,18.65,75.69,0,1.73,0.67,Boro
2017,1/24/2017,19.33,75.75,0,1.65,0.66,Boro
2017,1/25/2017,20.3,74.88,0,1.29,0.66,Boro
2017,1/26/2017,20.8,71.56,0,1.16,0.65,Boro
2017,1/27/2017,21.68,69.69,0,1.2,0.64,Boro
2017,1/28/2017,21.46,75.44,0,1.27,0.64,Boro
2017,1/29/2017,20.33,76.12,0,1.82,0.63,Boro
2017,1/30/2017,19.64,72.31,0,1.45,0.62,Boro
2017,1/31/2017,19.53,71.94,0,1.55,0.62,Boro
2017,2/1/2017,19.49,72.56,0,1.7,0.62,Boro
2017,2/2/2017,18.78,70.56,0,2.24,0.61,Boro
2017,2/3/2017,18.48,68.06,0,1.9,0.6,Boro
2017,2/4/2017,19.97,66.94,0,1.3,0.59,Boro
2017,2/5/2017,21.71,66.69,0,1.26,0.59,Boro
2017,2/6/2017,21.54,76.31,0,1.47,0.59,Boro
2017,2/7/2017,22.12,73.44,0,1.33,0.58,Boro
2017,2/8/2017,21.87,64.44,0,1.3,0.57,Boro
2017,2/9/2017,21.26,61.94,0,1.43,0.56,Boro
2017,2/10/2017,21.52,56,0,1.45,0.55,Boro
2017,2/11/2017,21.83,62.38,0,1.59,0.55,Boro
2017,2/12/2017,22.4,65.25,0,1.58,0.55,Boro
2017,2/13/2017,22.38,64.31,0,1.38,0.54,Boro
2017,2/14/2017,22.52,63.94,0,2.01,0.53,Boro
2017,2/15/2017,21.88,64.5,0,2.03,0.53,Boro
2017,2/16/2017,22.73,61.62,0,1.23,0.52,Boro
2017,2/17/2017,22.85,58.25,0,1.16,0.52,Boro
2017,2/18/2017,22.69,62.75,0,1.47,0.51,Boro
2017,2/19/2017,22.51,74.44,0,1.76,0.51,Boro
2017,2/20/2017,22.97,84.31,0,2.3,0.5,Boro
2017,2/21/2017,23.97,83.62,0,3.69,0.5,Boro
2017,2/22/2017,23.83,82.94,0,3.4,0.49,Boro
2017,2/23/2017,24.13,85,2.94,2.54,0.5,Boro
2017,2/24/2017,24.51,65.69,0.64,1.49,0.5,Boro
2017,2/25/2017,22.94,47.25,3.38,1.53,0.51,Boro
2017,2/26/2017,23.05,45.19,0,1.3,0.48,Boro
2017,2/27/2017,23.56,55.69,0,1.29,0.47,Boro
2017,2/28/2017,23.97,53.12,0,1.45,0.46,Boro
2017,3/1/2017,23.89,50.62,0,1.55,0.46,Aus
2017,3/2/2017,24.24,60.56,0,1.7,0.45,Aus
2017,3/3/2017,24.05,76.69,0,2.48,0.45,Aus
2017,3/4/2017,23.66,76.94,0,2.22,0.45,Aus
2017,3/5/2017,23.63,80.5,3.87,2.98,0.46,Aus
2017,3/6/2017,23.92,85.44,49.16,2.16,0.69,Aus
2017,3/7/2017,24.68,76.19,18.79,1.37,0.66,Aus
2017,3/8/2017,25.01,73.69,17.19,1.27,0.64,Aus
2017,3/9/2017,24.27,78.56,2.19,1.95,0.62,Aus
2017,3/10/2017,24.89,86,16.37,2.78,0.67,Aus
2017,3/11/2017,24.89,89.5,59.77,4.14,0.8,Aus
2017,3/12/2017,25.28,82.62,37.36,2.92,0.83,Aus
2017,3/13/2017,23.98,70,14.7,1.5,0.78,Aus
2017,3/14/2017,21.87,64.12,0,2.09,0.74,Aus
2017,3/15/2017,21.44,63.94,0,2.27,0.73,Aus
2017,3/16/2017,21.94,61,0,1.84,0.72,Aus
2017,3/17/2017,22.55,60.56,0,1.51,0.71,Aus
2017,3/18/2017,22.76,82.88,6.48,2.2,0.72,Aus
2017,3/19/2017,23.48,83.94,8.85,2.03,0.74,Aus
2017,3/20/2017,22.8,83.38,11.9,1.54,0.75,Aus
2017,3/21/2017,22.4,75.44,0.1,1.68,0.72,Aus
2017,3/22/2017,23.5,71.88,0,1.6,0.71,Aus
2017,3/23/2017,24.66,75.25,0,1.35,0.7,Aus
2017,3/24/2017,24.82,84.88,0.04,2.2,0.7,Aus
2017,3/25/2017,25.15,86.19,0.98,2.02,0.7,Aus
2017,3/26/2017,25.24,82.81,0.04,1.57,0.68,Aus
2017,3/27/2017,25.19,88,0,2.06,0.67,Aus
2017,3/28/2017,25.63,87,0.1,2.8,0.67,Aus
2017,3/29/2017,26.05,85.31,0.23,4.3,0.66,Aus
2017,3/30/2017,26.71,82.56,0.05,4.75,0.65,Aus
2017,3/31/2017,26.74,83,0.01,4.06,0.64,Aus
2017,4/1/2017,26.46,84.88,0.06,3.73,0.62,Aus
2017,4/2/2017,26.69,82.5,0.4,4.98,0.62,Aus
2017,4/3/2017,26.01,86.69,6.64,4.8,0.65,Aus
2017,4/4/2017,25.93,87.81,26.51,4.48,0.73,Aus
2017,4/5/2017,25.8,87.56,50.85,3.46,0.82,Aus
2017,4/6/2017,25.81,87.44,29.47,1.98,0.81,Aus
2017,4/7/2017,26.81,88.12,22.69,1.93,0.8,Aus
2017,4/8/2017,27.15,88.75,0.44,1.92,0.77,Aus
2017,4/9/2017,27.42,86.88,0.02,2.01,0.75,Aus
2017,4/10/2017,26.88,86.44,0,1.62,0.74,Aus
2017,4/11/2017,27.14,84.88,0,1.43,0.73,Aus
2017,4/12/2017,27.58,76.19,0,1.27,0.72,Aus
2017,4/13/2017,27.71,73.62,0,1.33,0.71,Aus
2017,4/14/2017,27.05,82.75,0,1.98,0.7,Aus
2017,4/15/2017,26.69,84.25,0.21,2.9,0.7,Aus
2017,4/16/2017,26.9,79.5,2.61,2.12,0.7,Aus
2017,4/17/2017,26.81,77.69,0.01,2.62,0.69,Aus
2017,4/18/2017,27.04,83.81,0.09,2.55,0.68,Aus
2017,4/19/2017,27.18,85,30.1,4.08,0.75,Aus
2017,4/20/2017,26.85,87.75,58.57,4.08,0.85,Aus
2017,4/21/2017,26.62,90.62,141.42,3.98,0.96,Aus
2017,4/22/2017,26.39,89.94,114.41,4.12,0.96,Aus
2017,4/23/2017,26.82,88.44,47.17,4.5,0.94,Aus
2017,4/24/2017,26.91,89.62,36.87,4.7,0.93,Aus
2017,4/25/2017,27.42,89.94,22.42,4.96,0.93,Aus
2017,4/26/2017,27.4,89.56,4.39,4.58,0.92,Aus
2017,4/27/2017,26.92,89.31,2.71,2.84,0.91,Aus
2017,4/28/2017,26.82,88.56,0.02,2.32,0.91,Aus
2017,4/29/2017,26.98,90.62,0.06,2.42,0.9,Aus
2017,4/30/2017,26.69,93.19,0.48,2.56,0.9,Aus
2017,5/1/2017,26.94,90.06,2.26,2.3,0.9,Aman
2017,5/2/2017,27.23,84.06,2.88,1.34,0.89,Aman
2017,5/3/2017,28.08,82.44,1.88,1.45,0.89,Aman
2017,5/4/2017,27.66,84,0,1.65,0.88,Aman
2017,5/5/2017,27.3,86.75,0,2.66,0.88,Aman
2017,5/6/2017,26.98,87.94,0.02,3.05,0.87,Aman
2017,5/7/2017,26.82,87.5,0.03,2.5,0.87,Aman
2017,5/8/2017,27.59,85.56,0,1.76,0.86,Aman
2017,5/9/2017,27.16,85.5,2.61,1.4,0.87,Aman
2017,5/10/2017,28.2,79.06,6.7,1.03,0.87,Aman
2017,5/11/2017,28.52,81.44,3.15,1.28,0.87,Aman
2017,5/12/2017,29.37,77.31,0.01,1.3,0.85,Aman
2017,5/13/2017,28.69,83.31,0.5,1.84,0.85,Aman
2017,5/14/2017,28.65,86.06,10.62,2.68,0.86,Aman
2017,5/15/2017,28.6,87.62,25.87,2.98,0.88,Aman
2017,5/16/2017,27.87,88.25,39.34,2.95,0.9,Aman
2017,5/17/2017,28.4,87.19,39.66,2.16,0.91,Aman
2017,5/18/2017,28.87,87.19,13.66,1.72,0.9,Aman
2017,5/19/2017,28.85,89,21.14,2.48,0.91,Aman
2017,5/20/2017,28.83,88.62,0.38,2.47,0.89,Aman
2017,5/21/2017,28.75,90.69,1.08,2.48,0.89,Aman
2017,5/22/2017,28.92,87.56,0.71,2.41,0.88,Aman
2017,5/23/2017,29.22,87.5,0.07,2.11,0.88,Aman
2017,5/24/2017,29.61,86.62,0,1.84,0.88,Aman
2017,5/25/2017,29.57,85.94,0,1.88,0.88,Aman
2017,5/26/2017,29.94,81.19,0,1.23,0.87,Aman
2017,5/27/2017,29.3,84.44,0.83,1.3,0.87,Aman
2017,5/28/2017,29.7,78.62,4.7,1.55,0.87,Aman
2017,5/29/2017,28.5,85.69,23.83,1.48,0.89,Aman
2017,5/30/2017,27.78,91.75,99.76,6.19,0.93,Aman
2017,5/31/2017,28.58,91.25,39.95,4.3,0.93,Aman
2017,6/1/2017,28.62,92.31,90.19,4.02,0.96,Aman
2017,6/2/2017,28.33,90.12,118.17,3.94,0.98,Aman
2017,6/3/2017,28.44,89.62,91.01,4.21,0.98,Aman
2017,6/4/2017,28.04,92.75,48.44,3.48,0.98,Aman
2017,6/5/2017,27.63,90.81,9.29,2.84,0.98,Aman
2017,6/6/2017,27.83,90.94,7.63,2.23,0.98,Aman
2017,6/7/2017,29.02,86.62,1.59,1.91,0.97,Aman
2017,6/8/2017,28.51,90.56,11.65,2.28,0.96,Aman
2017,6/9/2017,28.71,84.94,19.26,1.95,0.96,Aman
2017,6/10/2017,28.66,90.12,7.52,2.91,0.95,Aman
2017,6/11/2017,28.23,91.44,60.63,5.7,0.97,Aman
2017,6/12/2017,27.99,91.88,145.97,8.72,0.99,Aman
2017,6/13/2017,28.56,91.25,45.74,5.38,0.99,Aman
2017,6/14/2017,28.26,92.69,3.15,3.83,0.98,Aman
2017,6/15/2017,27.31,89.81,54.51,4.95,0.98,Aman
2017,6/16/2017,27.15,93.94,27.39,4.99,0.98,Aman
2017,6/17/2017,28.53,89.38,46.09,3.97,0.98,Aman
2017,6/18/2017,28.2,91.88,41.67,3.93,0.98,Aman
2017,6/19/2017,27.63,90,67.31,4.85,0.98,Aman
2017,6/20/2017,27.15,91.62,39.03,4.2,0.98,Aman
2017,6/21/2017,27.07,91.69,31.47,2.78,0.98,Aman
2017,6/22/2017,28.12,88.56,16.54,2.95,0.98,Aman
2017,6/23/2017,27.54,92.5,14.92,2.92,0.98,Aman
2017,6/24/2017,28.19,88.81,3.64,3.31,0.97,Aman
2017,6/25/2017,28.3,88,7.68,3.59,0.95,Aman
2017,6/26/2017,28,89.19,10.69,3.68,0.95,Aman
2017,6/27/2017,27.2,92.25,4.6,3.45,0.95,Aman
2017,6/28/2017,27.95,90.25,5.12,3.41,0.94,Aman
2017,6/29/2017,28.28,89.62,5.85,3.69,0.94,Aman
2017,6/30/2017,28.15,90.12,12.46,4.64,0.93,Aman
2017,7/1/2017,28.07,92.25,45.24,4.94,0.95,Aman
2017,7/2/2017,27.98,90.25,59.74,4.84,0.96,Aman
2017,7/3/2017,28.03,91.19,158.87,5.09,0.99,Aman
2017,7/4/2017,27.8,92,126.45,5.02,0.99,Aman
2017,7/5/2017,28.07,89.25,13.65,4.57,0.98,Aman
2017,7/6/2017,27.98,88.06,4.03,3.73,0.97,Aman
2017,7/7/2017,28.21,88.81,9.7,3.73,0.95,Aman
2017,7/8/2017,28.23,88.62,1.56,4.45,0.95,Aman
2017,7/9/2017,28.15,89,4.68,4.44,0.94,Aman
2017,7/10/2017,27.75,90.38,21.29,4.23,0.94,Aman
2017,7/11/2017,27.44,91,60.12,3.98,0.95,Aman
2017,7/12/2017,27.67,87.44,17.54,3.44,0.95,Aman
2017,7/13/2017,27.3,91.38,30.77,2.89,0.95,Aman
2017,7/14/2017,27.69,89.31,21.94,2.93,0.96,Aman
2017,7/15/2017,28.12,87.56,12.43,1.95,0.95,Aman
2017,7/16/2017,28.13,89.56,10.21,1.94,0.95,Aman
2017,7/17/2017,28.78,85.94,2.9,1.56,0.95,Aman
2017,7/18/2017,28.01,90.25,7.69,2.8,0.95,Aman
2017,7/19/2017,27.39,92.62,118.06,4.8,0.97,Aman
2017,7/20/2017,27.45,92.38,265.05,4.13,1,Aman
2017,7/21/2017,27.58,91.75,211.32,4.87,0.99,Aman
2017,7/22/2017,27.94,90.5,14.38,3.23,0.98,Aman
2017,7/23/2017,27.08,93.25,80.29,4.55,0.98,Aman
2017,7/24/2017,27.09,93.12,395.8,5.33,1,Aman
2017,7/25/2017,27.33,90.62,65.95,4.48,0.99,Aman
2017,7/26/2017,27.11,89.88,67.67,2.97,0.99,Aman
2017,7/27/2017,27.62,88.38,15.46,1.98,0.98,Aman
2017,7/28/2017,28.41,87.69,4.79,1.74,0.98,Aman
2017,7/29/2017,27.8,90.38,2.38,2.15,0.97,Aman
2017,7/30/2017,27.53,84.81,12.97,1.7,0.96,Aman
2017,7/31/2017,28.37,87.69,7.77,2.3,0.95,Aman
2017,8/1/2017,28.48,87.88,17.85,2.8,0.95,Aman
2017,8/2/2017,28.11,91.44,17.51,3.06,0.95,Aman
2017,8/3/2017,28.47,90.69,19.02,2.77,0.95,Aman
2017,8/4/2017,29.39,85.69,5.05,1.6,0.95,Aman
2017,8/5/2017,28.46,88.25,13.34,3.54,0.95,Aman
2017,8/6/2017,28.01,90.19,43.09,3.58,0.95,Aman
2017,8/7/2017,27.79,88.44,53.3,3.48,0.96,Aman
2017,8/8/2017,27.99,88.88,36.72,4.13,0.96,Aman
2017,8/9/2017,27.97,90.69,39.96,3.93,0.97,Aman
2017,8/10/2017,27.83,90.12,78.47,4.66,0.98,Aman
2017,8/11/2017,28.05,90.38,168.59,4.76,1,Aman
2017,8/12/2017,28.02,93.38,225.14,4.02,1,Aman
2017,8/13/2017,27.6,92.88,118.41,3.31,1,Aman
2017,8/14/2017,28.12,89.38,61.77,3.1,0.99,Aman
2017,8/15/2017,28.27,89.25,71.86,2.91,0.98,Aman
2017,8/16/2017,27.58,90.44,76.31,2.77,0.99,Aman
2017,8/17/2017,27.8,87.88,37.45,2.66,0.98,Aman
2017,8/18/2017,27.94,88.94,3.9,2.66,0.97,Aman
2017,8/19/2017,27.98,87.62,2.92,2.8,0.96,Aman
2017,8/20/2017,27.9,86.94,3.61,1.77,0.95,Aman
2017,8/21/2017,28.62,82.62,8.04,1.23,0.95,Aman
2017,8/22/2017,28.18,84.56,36.38,1.6,0.95,Aman
2017,8/23/2017,28.3,86,13.23,2.33,0.95,Aman
2017,8/24/2017,28.3,88.62,38.74,2.58,0.96,Aman
2017,8/25/2017,27.98,88.75,35.29,2.72,0.96,Aman
2017,8/26/2017,27.48,92.5,40.97,2.77,0.97,Aman
2017,8/27/2017,27.91,87.56,9.53,2.62,0.96,Aman
2017,8/28/2017,28.18,87.19,3.9,3.95,0.95,Aman
2017,8/29/2017,28.21,87.56,6.21,2.64,0.95,Aman
2017,8/30/2017,28.39,87.19,18.93,1.74,0.95,Aman
2017,8/31/2017,27.81,89,51.5,2.35,0.96,Aman
2017,9/1/2017,27.43,92.06,110.19,3.2,0.98,Aman
2017,9/2/2017,27.69,90.5,97.3,3.6,0.99,Aman
2017,9/3/2017,27.73,89.19,45.17,3.42,0.98,Aman
2017,9/4/2017,27.98,89.5,25.96,2.07,0.98,Aman
2017,9/5/2017,28.36,88.88,31.4,1.82,0.98,Aman
2017,9/6/2017,28.26,89,23.88,1.6,0.98,Aman
2017,9/7/2017,27.94,83.75,8.6,1.89,0.97,Aman
2017,9/8/2017,27.63,87.88,27.23,2.45,0.97,Aman
2017,9/9/2017,27.66,89.94,51.26,3.15,0.98,Aman
2017,9/10/2017,27.39,89.38,39.51,2.4,0.98,Aman
2017,9/11/2017,27.01,89.5,63.41,2.27,0.98,Aman
2017,9/12/2017,27.46,88.69,103.54,2.51,0.99,Aman
2017,9/13/2017,27.4,89.69,46.55,2.34,0.98,Aman
2017,9/14/2017,27.92,86.75,66.64,1.84,0.99,Aman
2017,9/15/2017,28.95,82.06,3.38,1.07,0.98,Aman
2017,9/16/2017,29.12,86.44,41.82,1.34,0.98,Aman
2017,9/17/2017,28.14,91.62,44.59,2.51,0.98,Aman
2017,9/18/2017,27.43,88.75,30.66,1.48,0.98,Aman
2017,9/19/2017,27.87,91.81,75.1,3.55,0.99,Aman
2017,9/20/2017,28.23,91.75,59.44,3.78,0.99,Aman
2017,9/21/2017,28.3,89.81,15.06,2.39,0.98,Aman
2017,9/22/2017,28.38,87.69,2.92,1.81,0.98,Aman
2017,9/23/2017,29.27,83.75,3.9,1.3,0.96,Aman
2017,9/24/2017,29.15,86.12,10.81,1.66,0.96,Aman
2017,9/25/2017,29.19,84.25,17.19,1.48,0.95,Aman
2017,9/26/2017,29.17,87.75,41.6,1.4,0.96,Aman
2017,9/27/2017,28.89,83.5,39.08,1.01,0.97,Aman
2017,9/28/2017,27.97,87.75,15.03,2.93,0.97,Aman
2017,9/29/2017,27.99,88.69,109.43,3.1,0.98,Aman
2017,9/30/2017,28.12,88.56,77.64,2.65,0.99,Aman
2017,10/1/2017,28.31,85.81,14.78,1.46,0.98,Aman
2017,10/2/2017,28.71,81.31,13.62,1.08,0.98,Aman
2017,10/3/2017,28.62,81.44,10.82,0.98,0.97,Aman
2017,10/4/2017,29.05,80.94,5.65,1.04,0.96,Aman
2017,10/5/2017,29.34,80.38,6.21,0.96,0.96,Aman
2017,10/6/2017,28.23,86.06,3.92,1.62,0.95,Aman
2017,10/7/2017,27.01,90.31,14.77,2.69,0.95,Aman
2017,10/8/2017,26.47,90.81,47.6,2.84,0.97,Aman
2017,10/9/2017,27.44,88.62,16.37,2.24,0.96,Aman
2017,10/10/2017,28.01,79.75,3.13,1.47,0.96,Aman
2017,10/11/2017,28.55,82.88,0.38,1.63,0.95,Aman
2017,10/12/2017,27.63,91.38,1.88,2.58,0.95,Aman
2017,10/13/2017,27.15,83,2.2,2.42,0.94,Aman
2017,10/14/2017,27.89,84.75,0.04,1.61,0.93,Aman
2017,10/15/2017,28.81,79.94,0,1,0.92,Aman
2017,10/16/2017,28.65,84.69,0.32,1.95,0.91,Aman
2017,10/17/2017,26.64,90.5,2.23,1.84,0.91,Aman
2017,10/18/2017,27.07,89.88,9,1.39,0.91,Aman
2017,10/19/2017,27.56,87.56,23.42,2.09,0.92,Aman
2017,10/20/2017,26.64,93.12,56.22,3.88,0.95,Aman
2017,10/21/2017,26.7,91.56,163.61,6.84,0.98,Aman
2017,10/22/2017,26.37,86.19,9.72,3.14,0.97,Aman
2017,10/23/2017,26.91,78.19,7.89,0.98,0.97,Aman
2017,10/24/2017,26.68,77.06,0,1.08,0.96,Aman
2017,10/25/2017,26.69,74.38,0.32,1.04,0.95,Aman
2017,10/26/2017,25.8,75.88,0.96,1.39,0.95,Aman
2017,10/27/2017,24.28,78.81,0,2.03,0.94,Aman
2017,10/28/2017,23.56,80.81,0.03,2.13,0.93,Aman
2017,10/29/2017,23.43,82.81,12.38,1.3,0.93,Aman
2017,10/30/2017,24.32,85.69,35.28,1.47,0.95,Aman
2017,10/31/2017,23.53,84.19,2.62,1.48,0.94,Aman
2017,11/1/2017,24.65,77.62,1.88,1.29,0.94,Boro
2017,11/2/2017,24.96,82.56,0.56,1.58,0.93,Boro
2017,11/3/2017,25.61,81.12,0,1.49,0.92,Boro
2017,11/4/2017,26.62,75.12,0,1.2,0.91,Boro
2017,11/5/2017,27.14,72.81,0,0.94,0.91,Boro
2017,11/6/2017,26.31,75,0,1.26,0.91,Boro
2017,11/7/2017,25.28,74.5,0,1.33,0.9,Boro
2017,11/8/2017,25.66,66.06,3.29,0.91,0.9,Boro
2017,11/9/2017,25.33,58.75,0,1.02,0.89,Boro
2017,11/10/2017,24.85,66.5,0,1.4,0.88,Boro
2017,11/11/2017,24.92,77.88,0,1.58,0.88,Boro
2017,11/12/2017,25.09,84.81,0,1.66,0.88,Boro
2017,11/13/2017,24.98,84.5,0,1.72,0.88,Boro
2017,11/14/2017,25.3,84.56,0,1.3,0.87,Boro
2017,11/15/2017,25.29,88.75,3.97,2.07,0.87,Boro
2017,11/16/2017,26.27,85.44,2.02,1.57,0.87,Boro
2017,11/17/2017,26.05,84.88,1.12,1.31,0.87,Boro
2017,11/18/2017,25.92,85.75,1.08,1.45,0.86,Boro
2017,11/19/2017,25.85,86,0.09,1.73,0.86,Boro
2017,11/20/2017,24.63,85.44,0,2.34,0.85,Boro
2017,11/21/2017,23.44,86.56,0,2.23,0.85,Boro
2017,11/22/2017,22.39,82.5,0,1.95,0.85,Boro
2017,11/23/2017,20.85,79.56,0,1.98,0.84,Boro
2017,11/24/2017,20.82,82.19,0,1.7,0.84,Boro
2017,11/25/2017,21.26,79,0,1.72,0.84,Boro
2017,11/26/2017,21.08,77.38,0,1.49,0.84,Boro
2017,11/27/2017,21.03,81.56,0,1.44,0.84,Boro
2017,11/28/2017,21.18,79.62,0,1.3,0.83,Boro
2017,11/29/2017,20.82,76.12,0,1.85,0.83,Boro
2017,11/30/2017,20.92,75.88,0,1.47,0.82,Boro
2017,12/1/2017,21.25,70.69,0,1.2,0.82,Boro
2017,12/2/2017,21.32,64.44,0,1.38,0.81,Boro
2017,12/3/2017,19.91,67.12,0,1.71,0.81,Boro
2017,12/4/2017,19.58,78.25,0,1.78,0.8,Boro
2017,12/5/2017,21.19,72.38,0,0.95,0.8,Boro
2017,12/6/2017,20.83,66.44,0,1.07,0.8,Boro
2017,12/7/2017,20.72,67.88,0,1.17,0.8,Boro
2017,12/8/2017,20.15,80.88,3.09,1.68,0.8,Boro
2017,12/9/2017,22.33,94.69,37.34,1.79,0.86,Boro
2017,12/10/2017,23.83,90.31,17.22,2.23,0.84,Boro
2017,12/11/2017,24.04,92.88,35.96,3.16,0.89,Boro
2017,12/12/2017,23.32,85.56,0.81,1.11,0.85,Boro
2017,12/13/2017,22.1,86,0.01,1.77,0.85,Boro
2017,12/14/2017,21.26,83.88,0,1.78,0.84,Boro
2017,12/15/2017,20.42,81,0,1.98,0.84,Boro
2017,12/16/2017,20.02,76.06,0,1.48,0.84,Boro
2017,12/17/2017,20.04,80.44,0,1.37,0.84,Boro
2017,12/18/2017,20.3,83.56,0,1.24,0.83,Boro
2017,12/19/2017,20.3,83.69,0,1.3,0.83,Boro
2017,12/20/2017,20.96,83.75,0.01,1.05,0.83,Boro
2017,12/21/2017,21.56,80.5,0.03,0.84,0.82,Boro
2017,12/22/2017,21.36,80.19,0,0.89,0.82,Boro
2017,12/23/2017,20.62,82.69,0,1.55,0.82,Boro
2017,12/24/2017,20.47,83.06,0,1.52,0.81,Boro
2017,12/25/2017,20.22,82.38,0,1.38,0.81,Boro
2017,12/26/2017,20.26,83.94,0,1.59,0.8,Boro
2017,12/27/2017,20.22,87,0,1.88,0.8,Boro
2017,12/28/2017,20.65,81.25,0,1.18,0.8,Boro
2017,12/29/2017,21.06,77.12,0,1.06,0.8,Boro
2017,12/30/2017,21.58,74,0,1.16,0.8,Boro
2017,12/31/2017,21.54,79.06,0.07,1.27,0.79,Boro
2018,1/1/2018,20.6,81.19,1.04,0.84,0.8,Boro
2018,1/2/2018,19.22,90.56,8.72,2.52,0.81,Boro
2018,1/3/2018,19.08,86.38,0.28,2.03,0.8,Boro
2018,1/4/2018,17.18,83.06,3.31,2.2,0.8,Boro
2018,1/5/2018,16.97,83.12,0,1.83,0.8,Boro
2018,1/6/2018,16.69,81,0,1.87,0.79,Boro
2018,1/7/2018,15.24,78.06,0,1.98,0.79,Boro
2018,1/8/2018,13.64,77.19,0,2.16,0.78,Boro
2018,1/9/2018,13.68,78.44,0,2.1,0.78,Boro
2018,1/10/2018,14.18,79.62,0,1.95,0.77,Boro
2018,1/11/2018,14.66,79.69,0,1.66,0.77,Boro
2018,1/12/2018,15.75,80.69,0,1.2,0.77,Boro
2018,1/13/2018,16.69,81.81,0,1.16,0.77,Boro
2018,1/14/2018,17.28,81.44,0,1.34,0.77,Boro
2018,1/15/2018,16.9,84.44,0,1.43,0.77,Boro
2018,1/16/2018,17.2,84.06,0,1.77,0.77,Boro
2018,1/17/2018,17.94,83.44,0,1.66,0.76,Boro
2018,1/18/2018,18.28,81.94,0,1.49,0.76,Boro
2018,1/19/2018,18.33,81.69,0,1.52,0.75,Boro
2018,1/20/2018,17.52,81,0,1.53,0.75,Boro
2018,1/21/2018,17.2,80.88,0,1.73,0.74,Boro
2018,1/22/2018,17.68,77.44,0,1.57,0.74,Boro
2018,1/23/2018,18.44,74.69,0,1.43,0.73,Boro
2018,1/24/2018,18.43,77.56,0,1.3,0.73,Boro
2018,1/25/2018,18.72,80.12,0,1.5,0.73,Boro
2018,1/26/2018,18.39,78.19,0,1.78,0.73,Boro
2018,1/27/2018,16.99,74.88,0,2.06,0.72,Boro
2018,1/28/2018,15.85,74.44,0,2.28,0.72,Boro
2018,1/29/2018,15.64,72.12,0,2.02,0.71,Boro
2018,1/30/2018,17.06,64.69,0,1.52,0.71,Boro
2018,1/31/2018,17.39,71.06,0,1.78,0.7,Boro
2018,2/1/2018,17.91,83.06,0,2.08,0.7,Boro
2018,2/2/2018,18.71,84.44,0,1.8,0.7,Boro
2018,2/3/2018,19.01,83.81,0,1.73,0.7,Boro
2018,2/4/2018,19.41,87.69,0,2.22,0.7,Boro
2018,2/5/2018,20.31,78.88,0,1.35,0.69,Boro
2018,2/6/2018,20.73,80,0,1.27,0.68,Boro
2018,2/7/2018,20.63,86.44,0,1.93,0.67,Boro
2018,2/8/2018,20.62,88.06,0,1.78,0.67,Boro
2018,2/9/2018,21.2,77.94,0,1.43,0.66,Boro
2018,2/10/2018,21.6,79.88,0.02,1.25,0.66,Boro
2018,2/11/2018,21.46,75.69,0,1.36,0.66,Boro
2018,2/12/2018,21.33,73.38,0,1.77,0.65,Boro
2018,2/13/2018,21.52,72.81,0,1.78,0.64,Boro
2018,2/14/2018,21.79,70.06,0,1.8,0.63,Boro
2018,2/15/2018,20.83,75.44,0,2.07,0.62,Boro
2018,2/16/2018,20.29,74.31,0,1.93,0.62,Boro
2018,2/17/2018,20.73,68.12,0,1.67,0.61,Boro
2018,2/18/2018,21.69,64.81,0,1.34,0.6,Boro
2018,2/19/2018,21.77,66.12,0,1.55,0.59,Boro
2018,2/20/2018,22,70.94,0,1.79,0.59,Boro
2018,2/21/2018,22.76,70.19,0.03,1.45,0.58,Boro
2018,2/22/2018,22.55,73.25,0.96,1.6,0.58,Boro
2018,2/23/2018,23.17,79.12,0,1.73,0.57,Boro
2018,2/24/2018,23.73,76.75,0,1.65,0.56,Boro
2018,2/25/2018,24.15,70.19,0,1.47,0.55,Boro
2018,2/26/2018,23.94,66.62,4.91,1.09,0.58,Boro
2018,2/27/2018,24.39,65.69,0.07,1.2,0.55,Boro
2018,2/28/2018,24.34,67.56,0,1.3,0.55,Boro
2018,3/1/2018,24.5,74.81,0,1.42,0.54,Aus
2018,3/2/2018,24.39,77.44,0,1.74,0.54,Aus
2018,3/3/2018,24.18,82.38,0,2.84,0.53,Aus
2018,3/4/2018,24.12,83.62,0,2.83,0.52,Aus
2018,3/5/2018,24.72,78.94,0,1.65,0.52,Aus
2018,3/6/2018,26.15,69.56,0,1.57,0.51,Aus
2018,3/7/2018,25.73,66.56,0,1.8,0.5,Aus
2018,3/8/2018,24.59,53.06,0,2.3,0.49,Aus
2018,3/9/2018,25.04,49.81,0,1.66,0.48,Aus
2018,3/10/2018,25.57,51.12,0,1.55,0.48,Aus
2018,3/11/2018,25.65,56.75,0,1.33,0.47,Aus
2018,3/12/2018,25.56,69.62,0,2.01,0.46,Aus
2018,3/13/2018,25.24,71.94,0.17,2.22,0.46,Aus
2018,3/14/2018,25.12,76.44,0.12,2.14,0.45,Aus
2018,3/15/2018,25.47,78,0.24,2.69,0.45,Aus
2018,3/16/2018,25.61,78.5,0.1,2.65,0.45,Aus
2018,3/17/2018,25.83,75.19,0.15,2.26,0.45,Aus
2018,3/18/2018,26.01,72.19,0,2.06,0.44,Aus
2018,3/19/2018,27.26,66.31,0,1.42,0.43,Aus
2018,3/20/2018,27.18,63.38,0,1.51,0.42,Aus
2018,3/21/2018,26.83,61.44,0,1.61,0.42,Aus
2018,3/22/2018,27.05,65.56,0,1.68,0.41,Aus
2018,3/23/2018,26.51,71.88,0,2.55,0.41,Aus
2018,3/24/2018,26.94,73.31,0,1.96,0.41,Aus
2018,3/25/2018,27.74,70.5,0,1.63,0.41,Aus
2018,3/26/2018,27.83,70.44,0.23,2.14,0.4,Aus
2018,3/27/2018,27.3,74.94,1.87,2.27,0.42,Aus
2018,3/28/2018,27.23,76.69,0.17,2.59,0.41,Aus
2018,3/29/2018,27.03,74.81,0.07,2.41,0.4,Aus
2018,3/30/2018,26.78,74,1.52,2.23,0.41,Aus
2018,3/31/2018,26,75.44,8.81,1.16,0.48,Aus
2018,4/1/2018,26.4,67.31,2.54,1.25,0.46,Aus
2018,4/2/2018,26.08,70.06,0,1.85,0.42,Aus
2018,4/3/2018,27.01,66.44,0.86,1.32,0.42,Aus
2018,4/4/2018,27.47,68.94,3.85,1.42,0.45,Aus
2018,4/5/2018,26.93,72.69,1.18,2.09,0.43,Aus
2018,4/6/2018,26.69,75.25,10.23,2.02,0.45,Aus
2018,4/7/2018,26.87,75,22.59,1.52,0.59,Aus
2018,4/8/2018,26.45,81,12.2,2.39,0.56,Aus
2018,4/9/2018,26.74,78.12,16.91,1.83,0.56,Aus
2018,4/10/2018,26.65,79.94,29.41,1.86,0.68,Aus
2018,4/11/2018,26.87,78.19,4.05,2.04,0.59,Aus
2018,4/12/2018,27.15,77.62,1.09,2,0.56,Aus
2018,4/13/2018,27.46,74,0.65,1.74,0.55,Aus
2018,4/14/2018,27.49,76.94,0.17,1.97,0.53,Aus
2018,4/15/2018,28.03,75.94,0.15,1.74,0.52,Aus
2018,4/16/2018,29.19,70.25,0.16,1.59,0.51,Aus
2018,4/17/2018,28.15,76.81,9.74,2.05,0.53,Aus
2018,4/18/2018,27.09,77.31,13.22,2.77,0.6,Aus
2018,4/19/2018,26.5,86.62,55.99,3.27,0.77,Aus
2018,4/20/2018,27.17,85.19,33.56,3.64,0.77,Aus
2018,4/21/2018,27.56,86.31,11.81,4.01,0.73,Aus
2018,4/22/2018,27.63,86.81,7.18,2.91,0.72,Aus
2018,4/23/2018,27.48,86,13.65,1.68,0.74,Aus
2018,4/24/2018,28.23,81.69,3.16,1.36,0.71,Aus
2018,4/25/2018,27.86,82.25,0.11,1.67,0.69,Aus
2018,4/26/2018,26.69,83.19,1.66,1.66,0.69,Aus
2018,4/27/2018,26.35,80.75,2.68,1.5,0.7,Aus
2018,4/28/2018,27.1,78.69,4.19,2.17,0.7,Aus
2018,4/29/2018,26.61,84.44,17.21,2.94,0.73,Aus
2018,4/30/2018,26.4,86.19,51.12,2.91,0.82,Aus
2018,5/1/2018,26.96,84.25,27,1.94,0.82,Aman
2018,5/2/2018,27.55,83.62,4.46,2.06,0.77,Aman
2018,5/3/2018,26.33,88.38,13.36,1.9,0.8,Aman
2018,5/4/2018,27.14,86.5,17.19,3.05,0.8,Aman
2018,5/5/2018,27.23,86.12,32.53,3.18,0.84,Aman
2018,5/6/2018,28.02,84.69,19.13,3.77,0.83,Aman
2018,5/7/2018,27.84,87.88,23.68,4.2,0.84,Aman
2018,5/8/2018,28.14,87.5,8.85,4.02,0.83,Aman
2018,5/9/2018,27.07,90.62,3.5,3.23,0.82,Aman
2018,5/10/2018,27.42,88.69,17.05,2.28,0.84,Aman
2018,5/11/2018,27.26,89.38,34.26,2.3,0.87,Aman
2018,5/12/2018,26.76,80.69,14.28,2.14,0.86,Aman
2018,5/13/2018,27.26,84.56,21.43,2.58,0.88,Aman
2018,5/14/2018,26.37,88.56,6.21,2.79,0.86,Aman
2018,5/15/2018,26.87,85.38,8.29,2.62,0.86,Aman
2018,5/16/2018,26.73,85,43.1,2.03,0.9,Aman
2018,5/17/2018,26.9,85.62,33.1,2.85,0.9,Aman
2018,5/18/2018,27.31,84.31,35.44,2.84,0.91,Aman
2018,5/19/2018,27.35,86.75,30.85,2.91,0.91,Aman
2018,5/20/2018,27.61,86.62,16.35,2.71,0.91,Aman
2018,5/21/2018,27.48,87.94,22.75,2.82,0.91,Aman
2018,5/22/2018,27.81,85.62,2.31,2.34,0.9,Aman
2018,5/23/2018,27.95,88,15.37,2.34,0.9,Aman
2018,5/24/2018,27.4,90.44,16.99,2.64,0.91,Aman
2018,5/25/2018,27.97,88.62,17.88,3.22,0.91,Aman
2018,5/26/2018,27.92,91.12,14.08,2.58,0.91,Aman
2018,5/27/2018,28.19,88.94,0.8,1.93,0.9,Aman
2018,5/28/2018,28.48,87.75,0.04,1.59,0.9,Aman
2018,5/29/2018,29.22,80,1.98,1.45,0.89,Aman
2018,5/30/2018,28.56,84.06,9.32,2.78,0.89,Aman
2018,5/31/2018,28.09,92.81,28.26,3.22,0.91,Aman
2018,6/1/2018,27.84,85.75,12.21,2.36,0.91,Aman
2018,6/2/2018,27.41,88.62,20.6,2.3,0.91,Aman
2018,6/3/2018,28.07,87.12,10.29,2.44,0.91,Aman
2018,6/4/2018,27.93,89.94,6.74,2.07,0.91,Aman
2018,6/5/2018,28.13,85.25,59.75,1.29,0.94,Aman
2018,6/6/2018,28.48,86.69,15.27,1.37,0.94,Aman
2018,6/7/2018,29.13,84.38,7.95,1.24,0.93,Aman
2018,6/8/2018,28.72,89.25,8.98,1.41,0.93,Aman
2018,6/9/2018,27.76,89.56,45.68,2.38,0.95,Aman
2018,6/10/2018,27.93,92.31,103.49,4.34,0.98,Aman
2018,6/11/2018,28.38,93.75,139.88,6.09,0.99,Aman
2018,6/12/2018,28.23,93.06,155.92,5.6,0.99,Aman
2018,6/13/2018,28.02,91.56,46.19,4.08,0.99,Aman
2018,6/14/2018,28.78,91.12,5.82,4.11,0.98,Aman
2018,6/15/2018,27.93,92.12,18.37,4.47,0.98,Aman
2018,6/16/2018,27.58,91,25.59,3.7,0.98,Aman
2018,6/17/2018,28.65,86.56,36.27,3.15,0.98,Aman
2018,6/18/2018,28.62,87.44,6.2,2.62,0.96,Aman
2018,6/19/2018,28.46,88.94,11.52,2.88,0.95,Aman
2018,6/20/2018,28.34,91.19,8.18,2.66,0.95,Aman
2018,6/21/2018,28.3,90.38,2.26,2.54,0.95,Aman
2018,6/22/2018,27.98,91.06,26.7,2.98,0.95,Aman
2018,6/23/2018,27.62,91.81,65.8,3.73,0.97,Aman
2018,6/24/2018,27.56,92.75,166.79,4.82,0.99,Aman
2018,6/25/2018,28.07,89.38,73.22,4.06,0.99,Aman
2018,6/26/2018,27.7,89.81,27.83,4.55,0.98,Aman
2018,6/27/2018,28.02,88.75,10.47,5.23,0.97,Aman
2018,6/28/2018,27.44,89.19,5.58,3.9,0.95,Aman
2018,6/29/2018,27.59,87.81,7.27,3.59,0.95,Aman
2018,6/30/2018,27.94,88,21.41,3.48,0.95,Aman
2018,7/1/2018,28.15,88.25,5.81,3.39,0.94,Aman
2018,7/2/2018,28.09,89.62,28.34,4.65,0.95,Aman
2018,7/3/2018,27.7,92.5,169.29,4.49,0.99,Aman
2018,7/4/2018,27.63,90.31,130.3,3.94,0.99,Aman
2018,7/5/2018,28.02,88.75,18.24,2.75,0.98,Aman
2018,7/6/2018,28.37,88.62,28.88,2.69,0.98,Aman
2018,7/7/2018,28.37,88.94,23.6,2.69,0.97,Aman
2018,7/8/2018,28.2,89.31,5.78,4.06,0.96,Aman
2018,7/9/2018,28.14,89.06,3.93,3.81,0.95,Aman
2018,7/10/2018,28.17,89.56,13.35,3.77,0.95,Aman
2018,7/11/2018,28.44,89.25,8.16,3.15,0.94,Aman
2018,7/12/2018,28.43,88.81,4.76,3.34,0.93,Aman
2018,7/13/2018,28.65,88.62,6.58,2.64,0.93,Aman
2018,7/14/2018,29.16,87.06,2.47,2.45,0.92,Aman
2018,7/15/2018,28.67,88.75,4.65,4.22,0.91,Aman
2018,7/16/2018,28.37,88.44,28.87,4.86,0.92,Aman
2018,7/17/2018,28.44,88.12,55.95,4.03,0.95,Aman
2018,7/18/2018,28.92,87.69,45.17,2.57,0.95,Aman
2018,7/19/2018,30.06,83.75,0.4,1.66,0.94,Aman
2018,7/20/2018,28.87,89.5,5.92,3.12,0.93,Aman
2018,7/21/2018,27.96,90.44,89.78,5.09,0.95,Aman
2018,7/22/2018,28.02,89.5,41.8,5.14,0.96,Aman
2018,7/23/2018,27.98,90.88,81.4,4.03,0.98,Aman
2018,7/24/2018,27.78,92.56,161.05,3.73,0.99,Aman
2018,7/25/2018,27.49,92.19,110.09,3.26,0.99,Aman
2018,7/26/2018,27.59,90.75,145.65,3.85,1,Aman
2018,7/27/2018,27.48,92.75,145.56,3.89,1,Aman
2018,7/28/2018,27.56,91.56,140.66,3.38,0.99,Aman
2018,7/29/2018,27.55,89.75,92.46,3.7,0.99,Aman
2018,7/30/2018,27.91,89.19,22.51,3.57,0.98,Aman
2018,7/31/2018,27.26,91.5,45.55,3.29,0.98,Aman
2018,8/1/2018,27.03,90.12,56.58,4.96,0.98,Aman
2018,8/2/2018,27.48,88.25,59.14,4.25,0.98,Aman
2018,8/3/2018,27.68,88.06,49.49,3.77,0.98,Aman
2018,8/4/2018,27.85,89.81,27.68,2.95,0.98,Aman
2018,8/5/2018,28.12,88.44,9.7,2.28,0.97,Aman
2018,8/6/2018,28.19,88,10.2,1.7,0.96,Aman
2018,8/7/2018,28.14,87.88,6.14,3.07,0.95,Aman
2018,8/8/2018,28.12,88.56,2.85,2.86,0.95,Aman
2018,8/9/2018,28.05,87.75,3.11,2.48,0.94,Aman
2018,8/10/2018,28.51,87.44,3.85,2.45,0.93,Aman
2018,8/11/2018,27.94,89.88,7.19,2.85,0.93,Aman
2018,8/12/2018,28.25,87.75,10.5,2.54,0.93,Aman
2018,8/13/2018,28.83,87.88,16.51,2.06,0.93,Aman
2018,8/14/2018,28.62,89.06,16.54,2.6,0.93,Aman
2018,8/15/2018,28.57,87.88,2.4,3.51,0.92,Aman
2018,8/16/2018,28.46,88.81,1.3,2.72,0.91,Aman
2018,8/17/2018,28.32,88.44,11,2.11,0.92,Aman
2018,8/18/2018,28.94,85.81,13.51,1.8,0.92,Aman
2018,8/19/2018,28.58,87.69,61.99,2.51,0.95,Aman
2018,8/20/2018,28.79,87.94,57.56,3.73,0.95,Aman
2018,8/21/2018,27.91,91.5,18.94,4.09,0.95,Aman
2018,8/22/2018,28.23,89.81,16.59,3.87,0.95,Aman
2018,8/23/2018,28.23,90.44,12.59,3.55,0.95,Aman
2018,8/24/2018,28.05,90.25,14,3.11,0.95,Aman
2018,8/25/2018,28.38,89.62,21.85,3.12,0.95,Aman
2018,8/26/2018,29.08,85.56,10.03,2.13,0.94,Aman
2018,8/27/2018,28.15,88.5,5.96,3.93,0.93,Aman
2018,8/28/2018,27.92,89.56,11.71,4.2,0.93,Aman
2018,8/29/2018,28,88.19,11.27,4.02,0.92,Aman
2018,8/30/2018,27.71,89,38.14,3.3,0.94,Aman
2018,8/31/2018,28,89.62,20.17,2.85,0.94,Aman
2018,9/1/2018,27.6,90.62,35.39,3.9,0.95,Aman
2018,9/2/2018,27.56,89.62,23.41,3.61,0.95,Aman
2018,9/3/2018,27.89,89.69,22.34,2.84,0.95,Aman
2018,9/4/2018,27.98,87.75,33.36,1.79,0.95,Aman
2018,9/5/2018,27.79,87.94,21.56,3.35,0.95,Aman
2018,9/6/2018,26.94,88.62,15.98,4.63,0.95,Aman
2018,9/7/2018,27.29,88.19,10.76,3.47,0.95,Aman
2018,9/8/2018,27.64,87.12,5.05,2.38,0.94,Aman
2018,9/9/2018,27.95,86.62,1.75,1.97,0.93,Aman
2018,9/10/2018,28,86.44,6.86,2.53,0.93,Aman
2018,9/11/2018,27.83,87.5,25.26,2.81,0.93,Aman
2018,9/12/2018,27.93,88.75,79.1,2.88,0.96,Aman
2018,9/13/2018,27.81,89.81,54.03,2.16,0.97,Aman
2018,9/14/2018,28.44,83.69,26.73,1.07,0.97,Aman
2018,9/15/2018,27.86,87.38,6.53,1.12,0.97,Aman
2018,9/16/2018,28.66,84.19,6.35,1.3,0.96,Aman
2018,9/17/2018,29.32,82.62,4.25,1.17,0.96,Aman
2018,9/18/2018,29.57,84.25,0.41,1.19,0.95,Aman
2018,9/19/2018,28.98,86.12,5.09,1.19,0.95,Aman
2018,9/20/2018,28.69,85.06,5.79,2.66,0.95,Aman
2018,9/21/2018,27.67,87.56,11.94,2.93,0.94,Aman
2018,9/22/2018,28.8,81.81,0.57,1.25,0.93,Aman
2018,9/23/2018,28.46,84.75,5.48,1.5,0.93,Aman
2018,9/24/2018,28.29,85.12,14.35,1.59,0.93,Aman
2018,9/25/2018,28.14,85,24.36,1.9,0.94,Aman
2018,9/26/2018,28.13,85.62,18.43,1.61,0.94,Aman
2018,9/27/2018,28.76,82.5,4.58,1.31,0.93,Aman
2018,9/28/2018,28.6,83.44,3.73,1.05,0.93,Aman
2018,9/29/2018,29.26,79,1.7,0.98,0.92,Aman
2018,9/30/2018,28.99,79.88,1.37,1.05,0.92,Aman
2018,10/1/2018,28.91,82,1.59,1.13,0.91,Aman
2018,10/2/2018,29.1,77.81,0.31,1.5,0.91,Aman
2018,10/3/2018,28.94,74.94,0.03,1.08,0.91,Aman
2018,10/4/2018,29.07,75.94,0.21,1.24,0.9,Aman
2018,10/5/2018,29.01,75.19,1.32,1.1,0.89,Aman
2018,10/6/2018,29.19,72.75,3.54,1.02,0.89,Aman
2018,10/7/2018,28.89,70.38,0.56,0.86,0.88,Aman
2018,10/8/2018,28.62,72.38,0.47,0.95,0.88,Aman
2018,10/9/2018,26.62,87.31,40.6,1.98,0.91,Aman
2018,10/10/2018,25.68,87.44,36.56,2.34,0.92,Aman
2018,10/11/2018,25.21,91.12,63.41,2.62,0.95,Aman
2018,10/12/2018,25.54,89.44,25.61,2.58,0.95,Aman
2018,10/13/2018,26.66,89.31,4.19,3.31,0.95,Aman
2018,10/14/2018,26.88,87.75,11.05,3.17,0.95,Aman
2018,10/15/2018,26.77,80.31,4.03,1.73,0.94,Aman
2018,10/16/2018,25.64,77.81,0.09,1.85,0.93,Aman
2018,10/17/2018,25.33,74.62,0,1.6,0.92,Aman
2018,10/18/2018,25.8,70.19,0.56,1.07,0.91,Aman
2018,10/19/2018,25.77,73.94,5.67,1.31,0.91,Aman
2018,10/20/2018,25.53,77.81,0,1.66,0.91,Aman
2018,10/21/2018,25.61,79,0.01,1.69,0.9,Aman
2018,10/22/2018,26.2,72.81,0,1.21,0.9,Aman
2018,10/23/2018,25.72,73.44,0,1.62,0.89,Aman
2018,10/24/2018,25.12,76.88,0,1.76,0.88,Aman
2018,10/25/2018,25.05,73.19,0,1.62,0.88,Aman
2018,10/26/2018,25.26,71.81,0,1.35,0.88,Aman
2018,10/27/2018,25.74,76.06,1.14,1.02,0.88,Aman
2018,10/28/2018,25.59,78.06,1.14,1.8,0.87,Aman
2018,10/29/2018,24.86,77.31,12.83,1.95,0.88,Aman
2018,10/30/2018,24.13,84.12,6.12,1.44,0.88,Aman
2018,10/31/2018,25.58,80.06,1.31,1.51,0.88,Aman
2018,11/1/2018,25.93,80.06,0,1.35,0.87,Boro
2018,11/2/2018,26.39,77,0.08,0.94,0.87,Boro
2018,11/3/2018,25.9,78.62,2.6,1.01,0.86,Boro
2018,11/4/2018,26.13,73.81,1.26,0.7,0.86,Boro
2018,11/5/2018,25.48,78.5,1.9,0.95,0.86,Boro
2018,11/6/2018,26.69,73.94,8.6,0.74,0.86,Boro
2018,11/7/2018,24.88,81.69,9.43,2.05,0.87,Boro
2018,11/8/2018,23.29,78.94,0.63,1.59,0.86,Boro
2018,11/9/2018,22.82,75.62,0,1.81,0.85,Boro
2018,11/10/2018,23.16,70.56,0,1.34,0.85,Boro
2018,11/11/2018,22.83,74.88,0,1.56,0.84,Boro
2018,11/12/2018,22.62,75.38,0,1.48,0.84,Boro
2018,11/13/2018,23.42,72.5,0,1.4,0.84,Boro
2018,11/14/2018,23.33,75.81,0,1.34,0.84,Boro
2018,11/15/2018,23.58,72.5,0,1.41,0.83,Boro
2018,11/16/2018,24.22,68,0,1.14,0.83,Boro
2018,11/17/2018,23.8,75.31,0,1.41,0.82,Boro
2018,11/18/2018,23.18,80.94,0,1.41,0.82,Boro
2018,11/19/2018,21.96,79.38,0,1.94,0.81,Boro
2018,11/20/2018,21.13,78.12,0,1.73,0.81,Boro
2018,11/21/2018,20.96,82.19,0,2.05,0.81,Boro
2018,11/22/2018,21.38,74.19,0,1.44,0.8,Boro
2018,11/23/2018,21.48,68.94,0,1.21,0.8,Boro
2018,11/24/2018,21.58,74.19,0,1.3,0.8,Boro
2018,11/25/2018,22.21,71.25,0,1.05,0.8,Boro
2018,11/26/2018,22.5,70.19,0,0.73,0.8,Boro
2018,11/27/2018,22.6,75.94,0,1.11,0.79,Boro
2018,11/28/2018,22.62,74.94,0,1.06,0.79,Boro
2018,11/29/2018,22.38,65.5,0,1.09,0.78,Boro
2018,11/30/2018,21.4,70.25,0,1.54,0.78,Boro
2018,12/1/2018,21.1,70.25,0,1.26,0.77,Boro
2018,12/2/2018,21.63,65.88,0,1.24,0.77,Boro
2018,12/3/2018,21.51,65,0,1.32,0.77,Boro
2018,12/4/2018,20.33,72.94,0,1.63,0.77,Boro
2018,12/5/2018,20.74,74.88,0,1.38,0.77,Boro
2018,12/6/2018,20.25,79,0,1.55,0.76,Boro
2018,12/7/2018,19.9,79.19,0,1.61,0.76,Boro
2018,12/8/2018,19.41,77.62,0,1.78,0.75,Boro
2018,12/9/2018,20.01,72,0,1.05,0.75,Boro
2018,12/10/2018,20.82,67.75,0,1.02,0.74,Boro
2018,12/11/2018,20.86,67.56,0,1.23,0.74,Boro
2018,12/12/2018,20.69,74.19,0,1.43,0.73,Boro
2018,12/13/2018,20.69,73.25,0,1.56,0.73,Boro
2018,12/14/2018,20.5,77.06,0,1.77,0.73,Boro
2018,12/15/2018,20.24,78.12,0,1.99,0.73,Boro
2018,12/16/2018,21.19,79.88,0.14,2.73,0.73,Boro
2018,12/17/2018,21.23,88.12,14.71,2.66,0.76,Boro
2018,12/18/2018,22.77,88.88,9.47,1.75,0.75,Boro
2018,12/19/2018,21.06,87.94,3.57,2.19,0.76,Boro
2018,12/20/2018,18.7,83.81,0,1.84,0.74,Boro
2018,12/21/2018,17.94,81.25,0,1.3,0.73,Boro
2018,12/22/2018,18.08,78.75,0,1.8,0.73,Boro
2018,12/23/2018,17.62,78.75,0,1.82,0.73,Boro
2018,12/24/2018,17.8,74.25,0,1.7,0.72,Boro
2018,12/25/2018,18.07,75.5,0,1.4,0.72,Boro
2018,12/26/2018,17.03,78.69,0,1.76,0.72,Boro
2018,12/27/2018,16.76,76.38,0,1.41,0.71,Boro
2018,12/28/2018,16.07,75.88,0,1.99,0.71,Boro
2018,12/29/2018,14.47,73.19,0,2.18,0.7,Boro
2018,12/30/2018,16.21,75.62,0,1.63,0.7,Boro
2018,12/31/2018,19.01,70.56,0,1.13,0.7,Boro
2019,1/1/2019,19.72,70.5,0,1.36,0.69,Boro
2019,1/2/2019,19.38,71.62,0,1.39,0.69,Boro
2019,1/3/2019,19.01,69.94,0,1.4,0.68,Boro
2019,1/4/2019,17.62,69.56,0,1.86,0.67,Boro
2019,1/5/2019,17.33,72.31,0,1.96,0.66,Boro
2019,1/6/2019,18.31,65.5,0,1.45,0.66,Boro
2019,1/7/2019,19.36,62.19,0,1.27,0.66,Boro
2019,1/8/2019,20.49,67.69,0,1.03,0.65,Boro
2019,1/9/2019,19.39,64.94,0,1.24,0.64,Boro
2019,1/10/2019,18.19,71.75,0,1.64,0.64,Boro
2019,1/11/2019,17.71,69.5,0,2.03,0.63,Boro
2019,1/12/2019,18.26,64.19,0,1.38,0.62,Boro
2019,1/13/2019,18.76,62.5,0,1.41,0.62,Boro
2019,1/14/2019,18.63,67,0,1.52,0.62,Boro
2019,1/15/2019,17.62,70.88,0,2.12,0.61,Boro
2019,1/16/2019,17.48,67.06,0,1.75,0.61,Boro
2019,1/17/2019,18.29,67.31,0,1.3,0.6,Boro
2019,1/18/2019,18.87,65.75,0,1.09,0.59,Boro
2019,1/19/2019,18.02,68,0,1.68,0.59,Boro
2019,1/20/2019,17.75,71,0,1.73,0.59,Boro
2019,1/21/2019,19.06,67.12,0,1.56,0.59,Boro
2019,1/22/2019,19.92,62.81,0,1.33,0.58,Boro
2019,1/23/2019,20.14,61.94,0,1.32,0.57,Boro
2019,1/24/2019,20.23,62.44,0,1.59,0.56,Boro
2019,1/25/2019,20.98,59.19,0,1.17,0.55,Boro
2019,1/26/2019,21.83,53.62,0,1.25,0.55,Boro
2019,1/27/2019,21.92,53.06,0,1.15,0.55,Boro
2019,1/28/2019,21.24,61.25,0,1.04,0.55,Boro
2019,1/29/2019,19.78,70.38,0,2.04,0.54,Boro
2019,1/30/2019,17.62,62.12,0,2.34,0.53,Boro
2019,1/31/2019,18.12,56.94,0,1.29,0.53,Boro
2019,2/1/2019,20.58,54.19,0,1.43,0.52,Boro
2019,2/2/2019,20.24,56.75,0,1.1,0.52,Boro
2019,2/3/2019,19.94,60.25,0,1.5,0.52,Boro
2019,2/4/2019,19.17,58.81,0,2.41,0.51,Boro
2019,2/5/2019,19.29,54.94,0,2.16,0.5,Boro
2019,2/6/2019,19.51,51.25,0,1.55,0.49,Boro
2019,2/7/2019,20.43,54.25,0,1.76,0.49,Boro
2019,2/8/2019,22.05,56.62,0,1.13,0.48,Boro
2019,2/9/2019,22.31,63.5,0,1.85,0.48,Boro
2019,2/10/2019,20.55,71.25,0,2.49,0.48,Boro
2019,2/11/2019,19.28,55.25,0,2.2,0.47,Boro
2019,2/12/2019,19.66,54.31,0,1.87,0.46,Boro
2019,2/13/2019,20.98,53.94,0,1.5,0.46,Boro
2019,2/14/2019,22.7,52,0,1.24,0.45,Boro
2019,2/15/2019,23.5,51.75,0,1.38,0.45,Boro
2019,2/16/2019,22.93,57.81,0,1.25,0.45,Boro
2019,2/17/2019,21.14,74.62,8.67,2.35,0.5,Boro
2019,2/18/2019,21,78.75,1.58,1.81,0.49,Boro
2019,2/19/2019,21.67,75.62,0.01,1.63,0.46,Boro
2019,2/20/2019,22.94,66.56,0,1.36,0.45,Boro
2019,2/21/2019,24.4,55.62,0,1.17,0.45,Boro
2019,2/22/2019,23.45,68.81,0,1.55,0.44,Boro
2019,2/23/2019,23.26,69.75,0.01,1.95,0.44,Boro
2019,2/24/2019,24.38,70.56,0.08,1.22,0.44,Boro
2019,2/25/2019,22.86,79.38,14.16,1.19,0.51,Boro
2019,2/26/2019,22.25,80.44,26.05,1.57,0.62,Boro
2019,2/27/2019,22.43,77.62,1.28,1.41,0.54,Boro
2019,2/28/2019,21.56,85.5,45.05,1.45,0.71,Boro
2019,3/1/2019,21.23,76.81,6,2.36,0.65,Aus
2019,3/2/2019,19.22,61.62,0,2.48,0.59,Aus
2019,3/3/2019,20.51,57.31,0,1.96,0.58,Aus
2019,3/4/2019,22.8,56.94,0.68,1.24,0.57,Aus
2019,3/5/2019,22.55,79.38,11.06,4.23,0.62,Aus
2019,3/6/2019,23.9,84.06,2.47,2.01,0.6,Aus
2019,3/7/2019,24.24,76.44,0,1.33,0.57,Aus
2019,3/8/2019,23.62,65.88,0,1.5,0.56,Aus
2019,3/9/2019,22.58,63.31,0,1.55,0.55,Aus
2019,3/10/2019,22.05,76.75,0,1.92,0.54,Aus
2019,3/11/2019,24.1,74.44,0,1.4,0.53,Aus
2019,3/12/2019,24.87,75.44,0,1.76,0.52,Aus
2019,3/13/2019,25.27,77.56,0,1.79,0.52,Aus
2019,3/14/2019,25.95,71.94,0,1.38,0.51,Aus
2019,3/15/2019,27.14,64.19,0,1.6,0.5,Aus
2019,3/16/2019,27,64.31,0.86,1.4,0.49,Aus
2019,3/17/2019,27.52,64,1.99,1.24,0.5,Aus
2019,3/18/2019,26,63.69,17.99,1.66,0.58,Aus
2019,3/19/2019,24.93,72.94,3.36,1.84,0.55,Aus
2019,3/20/2019,25.01,77.75,2.06,2.02,0.52,Aus
2019,3/21/2019,25.28,79.5,0.73,2.46,0.52,Aus
2019,3/22/2019,25.32,81.75,1.11,2.27,0.51,Aus
2019,3/23/2019,26.03,77.94,5.02,1.91,0.54,Aus
2019,3/24/2019,26.75,65.94,0,1.56,0.5,Aus
2019,3/25/2019,26.79,51.44,0,1.75,0.48,Aus
2019,3/26/2019,26.84,62.88,0,1.51,0.48,Aus
2019,3/27/2019,27.17,65,1.08,1.7,0.48,Aus
2019,3/28/2019,26.84,56.81,0.3,1.64,0.47,Aus
2019,3/29/2019,27.08,63.5,0,1.54,0.46,Aus
2019,3/30/2019,26.61,74,0.02,2.26,0.45,Aus
2019,3/31/2019,26.7,78.75,9.85,3.2,0.49,Aus
2019,4/1/2019,25.87,84.06,25.44,3.2,0.63,Aus
2019,4/2/2019,26,80.69,3.58,3.16,0.55,Aus
2019,4/3/2019,25.55,83.31,6.21,2.93,0.56,Aus
2019,4/4/2019,25.98,82.56,0.3,2.73,0.52,Aus
2019,4/5/2019,26.39,78.81,0.45,2.41,0.52,Aus
2019,4/6/2019,25.86,77.44,1.23,1.56,0.52,Aus
2019,4/7/2019,26.25,71,6.15,1.37,0.55,Aus
2019,4/8/2019,25.52,76.38,4.15,2.52,0.54,Aus
2019,4/9/2019,25.55,76.56,15.77,2.74,0.59,Aus
2019,4/10/2019,25.6,82.12,10.73,1.66,0.62,Aus
2019,4/11/2019,26.96,75.75,0,1.42,0.55,Aus
2019,4/12/2019,27.6,77.25,0,1.2,0.54,Aus
2019,4/13/2019,28.43,74.5,0,1.63,0.52,Aus
2019,4/14/2019,28.51,75.38,0,1.77,0.52,Aus
2019,4/15/2019,28.15,78.06,0.01,2.17,0.5,Aus
2019,4/16/2019,28.25,77.88,0.89,2.58,0.5,Aus
2019,4/17/2019,29.65,70.56,1.49,1.54,0.51,Aus
2019,4/18/2019,29.97,62.12,0,1.8,0.48,Aus
2019,4/19/2019,30.16,54.62,0,1.55,0.47,Aus
2019,4/20/2019,29.94,59.19,0.12,1.6,0.46,Aus
2019,4/21/2019,29.55,62.62,1.23,1.7,0.46,Aus
2019,4/22/2019,29.08,65.5,0.9,2.05,0.46,Aus
2019,4/23/2019,29.46,59.5,0,1.85,0.45,Aus
2019,4/24/2019,30.35,58.31,0,1.84,0.44,Aus
2019,4/25/2019,30.51,67.56,0,2.2,0.43,Aus
2019,4/26/2019,30.4,64.94,0,2.08,0.42,Aus
2019,4/27/2019,29.98,70.38,0.18,2.88,0.42,Aus
2019,4/28/2019,30.06,72.81,1.27,4.44,0.43,Aus
2019,4/29/2019,29.85,74.69,0.76,4.6,0.42,Aus
2019,4/30/2019,29.73,73.88,0.01,4.61,0.41,Aus
2019,5/1/2019,29.94,73.44,0.03,4.76,0.41,Aman
2019,5/2/2019,29.86,73.75,0.79,3.02,0.41,Aman
2019,5/3/2019,29.88,78.25,21.33,4.32,0.51,Aman
2019,5/4/2019,28.83,83.12,28.33,8.12,0.62,Aman
2019,5/5/2019,29.09,75.75,0.3,2.6,0.51,Aman
2019,5/6/2019,29.4,75.31,0.16,2.6,0.48,Aman
2019,5/7/2019,29.18,77.62,0,3.31,0.47,Aman
2019,5/8/2019,29.2,78.69,0,3.71,0.46,Aman
2019,5/9/2019,29.79,77.62,0,4.68,0.45,Aman
2019,5/10/2019,29.98,78.12,0,4.35,0.45,Aman
2019,5/11/2019,29.77,80.06,1.15,3.95,0.45,Aman
2019,5/12/2019,29.19,81.5,2.45,3.56,0.48,Aman
2019,5/13/2019,29.44,79.31,5.59,2.93,0.48,Aman
2019,5/14/2019,28.81,82.81,14.78,2.32,0.56,Aman
2019,5/15/2019,29.51,75.12,5.83,2.12,0.53,Aman
2019,5/16/2019,29.83,74.75,3.63,2.42,0.5,Aman
2019,5/17/2019,28.67,82.81,16.65,3.21,0.59,Aman
2019,5/18/2019,28.78,84.44,14.75,3.64,0.61,Aman
2019,5/19/2019,28.4,86.06,5.59,2.74,0.59,Aman
2019,5/20/2019,29.11,81.25,0.02,1.48,0.55,Aman
2019,5/21/2019,29,82.62,0.04,1.91,0.53,Aman
2019,5/22/2019,29.55,80.44,1.98,2.64,0.53,Aman
2019,5/23/2019,28.9,83.94,31.22,2.75,0.67,Aman
2019,5/24/2019,28.9,85.56,49.77,3.27,0.77,Aman
2019,5/25/2019,28.14,86.88,76.77,3.46,0.88,Aman
2019,5/26/2019,28.41,86.75,39.42,2.43,0.85,Aman
2019,5/27/2019,28.83,88,2.55,2.07,0.8,Aman
2019,5/28/2019,29.02,85.12,2.4,1.77,0.78,Aman
2019,5/29/2019,28.94,87.44,1.87,1.98,0.77,Aman
2019,5/30/2019,28.82,87.31,0.01,2.49,0.76,Aman
2019,5/31/2019,28.81,86.56,4.08,2.72,0.77,Aman
2019,6/1/2019,28.69,86.31,15.67,2.24,0.79,Aman
2019,6/2/2019,29.14,81.69,12.83,2.08,0.8,Aman
2019,6/3/2019,28.58,82.19,28.83,2.77,0.83,Aman
2019,6/4/2019,28.67,84.75,16.55,3.02,0.82,Aman
2019,6/5/2019,27.21,91.5,51.3,3.34,0.88,Aman
2019,6/6/2019,26.84,90.06,8.87,3.36,0.84,Aman
2019,6/7/2019,27.52,88.19,3.99,3.35,0.84,Aman
2019,6/8/2019,27.94,90.94,7.7,3.42,0.84,Aman
2019,6/9/2019,28.01,91.75,24.44,3.22,0.87,Aman
2019,6/10/2019,28.19,89.56,3.99,2.59,0.84,Aman
2019,6/11/2019,29.01,85.62,0,2.08,0.84,Aman
2019,6/12/2019,29.25,86.62,0,1.88,0.83,Aman
2019,6/13/2019,28.65,91.12,0.1,3.3,0.83,Aman
2019,6/14/2019,29.05,87.56,12.58,3.87,0.84,Aman
2019,6/15/2019,28.96,90.25,39.13,4.09,0.88,Aman
2019,6/16/2019,28.66,90.56,10.62,3.42,0.87,Aman
2019,6/17/2019,28.91,90.06,2.03,3.16,0.85,Aman
2019,6/18/2019,28.98,86.88,9.4,1.68,0.85,Aman
2019,6/19/2019,28.78,86.88,16.39,1.94,0.87,Aman
2019,6/20/2019,29.23,81.5,5.23,1.79,0.86,Aman
2019,6/21/2019,29.17,86.62,5.2,3.48,0.85,Aman
2019,6/22/2019,28.99,86.62,14.16,3.62,0.86,Aman
2019,6/23/2019,29.24,86.12,16.13,2.24,0.87,Aman
2019,6/24/2019,29.58,84.62,0.58,2.09,0.85,Aman
2019,6/25/2019,29.4,85.5,1.63,2.41,0.84,Aman
2019,6/26/2019,29.43,86.38,14.13,3.43,0.86,Aman
2019,6/27/2019,29.28,85.5,17.39,3.82,0.87,Aman
2019,6/28/2019,29.41,86.44,10.03,3.11,0.86,Aman
2019,6/29/2019,28.58,87.81,43.79,3.62,0.9,Aman
2019,6/30/2019,29.65,85.56,27.9,2.66,0.89,Aman
2019,7/1/2019,28.87,88.12,29.49,4.09,0.91,Aman
2019,7/2/2019,29.12,87.62,18.37,5.38,0.9,Aman
2019,7/3/2019,29.06,86.19,9.57,3.79,0.89,Aman
2019,7/4/2019,28.89,88.56,20.34,3.4,0.9,Aman
2019,7/5/2019,28.64,88.06,34.51,4.28,0.91,Aman
2019,7/6/2019,28.3,89.06,38.83,5.91,0.92,Aman
2019,7/7/2019,28.12,90.94,149.79,5.7,0.98,Aman
2019,7/8/2019,28.27,90.06,315.46,4.84,1,Aman
2019,7/9/2019,28.1,91.62,239.2,5.09,1,Aman
2019,7/10/2019,28.34,91,229.26,5.04,1,Aman
2019,7/11/2019,27.93,92.12,175.31,4.95,1,Aman
2019,7/12/2019,28.15,92,72.14,4.97,0.99,Aman
2019,7/13/2019,27.96,93.12,130.64,4.15,1,Aman
2019,7/14/2019,27.46,92,62.17,4.41,0.99,Aman
2019,7/15/2019,28.38,90.44,26.74,3.66,0.98,Aman
2019,7/16/2019,28.43,89.81,10.17,2.72,0.98,Aman
2019,7/17/2019,28.97,88.75,2.56,1.93,0.96,Aman
2019,7/18/2019,28.13,88.75,33.56,2.27,0.96,Aman
2019,7/19/2019,28.48,88,68.05,2.2,0.98,Aman
2019,7/20/2019,28.57,86.75,3.45,2.07,0.96,Aman
2019,7/21/2019,28.41,88.88,3.43,2.38,0.95,Aman
2019,7/22/2019,28.05,88.5,3.59,2.3,0.95,Aman
2019,7/23/2019,27.74,90.5,20.49,3.2,0.95,Aman
2019,7/24/2019,27.88,90.62,28.1,3.44,0.95,Aman
2019,7/25/2019,28.05,88.94,30.96,2.86,0.95,Aman
2019,7/26/2019,27.31,91.88,145.26,4.71,0.98,Aman
2019,7/27/2019,27.88,92.44,13.75,4.73,0.98,Aman
2019,7/28/2019,28.02,88.56,11.26,4.09,0.97,Aman
2019,7/29/2019,27.58,89.75,12.17,4.06,0.96,Aman
2019,7/30/2019,27.42,91.25,49.53,3.54,0.97,Aman
2019,7/31/2019,27.73,90.31,38.3,3.78,0.97,Aman
2019,8/1/2019,27.81,89.06,22.52,3.52,0.97,Aman
2019,8/2/2019,27.85,89.25,7.68,3.13,0.96,Aman
2019,8/3/2019,27.99,89.56,17.02,3.52,0.95,Aman
2019,8/4/2019,28.79,88.69,8.3,1.87,0.95,Aman
2019,8/5/2019,30.21,84.62,12.03,1.66,0.95,Aman
2019,8/6/2019,28.74,88.62,4.44,4.41,0.94,Aman
2019,8/7/2019,27.63,90.5,67.88,5.69,0.95,Aman
2019,8/8/2019,27.8,90.06,103.41,5.11,0.98,Aman
2019,8/9/2019,28.22,89.19,70.88,2.86,0.98,Aman
2019,8/10/2019,28.3,88.75,62.12,1.98,0.98,Aman
2019,8/11/2019,29.35,84.31,35.49,1.45,0.98,Aman
2019,8/12/2019,28.16,89.81,35.69,3.26,0.98,Aman
2019,8/13/2019,27.33,91.81,109.28,4.57,0.99,Aman
2019,8/14/2019,27.25,92.69,76.94,3.71,0.99,Aman
2019,8/15/2019,28.01,90.75,40.79,3.08,0.98,Aman
2019,8/16/2019,28.12,90.62,30.17,2.87,0.98,Aman
2019,8/17/2019,27.66,90.5,51.7,3.46,0.98,Aman
2019,8/18/2019,27.23,88.81,5.38,3.73,0.97,Aman
2019,8/19/2019,27.95,88.69,12.36,2.56,0.96,Aman
2019,8/20/2019,28.48,86.88,15.04,1.77,0.95,Aman
2019,8/21/2019,28.88,86.94,5.42,1.55,0.95,Aman
2019,8/22/2019,28.33,87.62,11.23,2.23,0.95,Aman
2019,8/23/2019,28.26,86.62,11.5,3.07,0.95,Aman
2019,8/24/2019,26.92,92.69,20.32,2.96,0.95,Aman
2019,8/25/2019,27.95,86,8.79,2.98,0.95,Aman
2019,8/26/2019,28.13,87.38,8.67,2.95,0.94,Aman
2019,8/27/2019,28.31,87.44,9.23,2.67,0.93,Aman
2019,8/28/2019,27.94,89.5,2.62,2.37,0.93,Aman
2019,8/29/2019,28.65,85.69,0.26,1.95,0.92,Aman
2019,8/30/2019,29.21,82.12,0.34,1.15,0.91,Aman
2019,8/31/2019,28.58,87.19,18.35,1.37,0.92,Aman
2019,9/1/2019,29.24,86.31,19.57,2.42,0.93,Aman
2019,9/2/2019,28.65,85.19,6.3,2.8,0.92,Aman
2019,9/3/2019,28.43,88.44,14.24,3.52,0.92,Aman
2019,9/4/2019,28.53,88.81,5.28,3.17,0.91,Aman
2019,9/5/2019,28.36,88.94,3.24,3.21,0.91,Aman
2019,9/6/2019,28.4,88.31,6.86,3.42,0.91,Aman
2019,9/7/2019,28.16,89.19,31.35,4.6,0.92,Aman
2019,9/8/2019,28.14,89.12,65.61,4.21,0.95,Aman
2019,9/9/2019,28.23,90.69,54.4,4.21,0.95,Aman
2019,9/10/2019,28.01,92.44,68.69,3.62,0.98,Aman
2019,9/11/2019,28.01,92.19,21.96,4.19,0.97,Aman
2019,9/12/2019,27.4,91.06,127.44,5.77,0.98,Aman
2019,9/13/2019,27.38,91.44,95.33,3.52,0.99,Aman
2019,9/14/2019,27.73,89.06,13.7,2.22,0.98,Aman
2019,9/15/2019,28.05,88.81,0.62,1.89,0.97,Aman
2019,9/16/2019,27.99,88.06,3.04,1.7,0.97,Aman
2019,9/17/2019,29,83.06,4.29,1.19,0.96,Aman
2019,9/18/2019,29.57,79.75,18.37,1.21,0.95,Aman
2019,9/19/2019,29.17,85,3.4,1.41,0.95,Aman
2019,9/20/2019,28.83,84.12,5.53,1.25,0.95,Aman
2019,9/21/2019,29.06,81.88,14.58,0.96,0.95,Aman
2019,9/22/2019,29.11,81.38,7.64,1.16,0.95,Aman
2019,9/23/2019,28.32,82.75,23.88,1.15,0.95,Aman
2019,9/24/2019,27.47,88.12,25.88,1.72,0.95,Aman
2019,9/25/2019,27.56,80.69,8.86,1.1,0.95,Aman
2019,9/26/2019,27.62,80.06,13.8,1.27,0.95,Aman
2019,9/27/2019,27.03,85.56,1.24,1.84,0.95,Aman
2019,9/28/2019,27.16,83.94,2.64,1.29,0.94,Aman
2019,9/29/2019,27.19,82.94,9.09,1.45,0.94,Aman
2019,9/30/2019,27.1,84.56,38.12,1.83,0.95,Aman
2019,10/1/2019,26.4,89.31,45.59,2.16,0.96,Aman
2019,10/2/2019,26.73,89.12,24.35,2.73,0.96,Aman
2019,10/3/2019,27.25,87.88,8.77,2.23,0.95,Aman
2019,10/4/2019,27.29,85.19,3.63,1.37,0.95,Aman
2019,10/5/2019,27.8,83.31,9.97,1.2,0.95,Aman
2019,10/6/2019,27.82,81.62,18.71,1.03,0.95,Aman
2019,10/7/2019,27,85,22.86,1.06,0.95,Aman
2019,10/8/2019,27.15,81.88,10.91,0.76,0.95,Aman
2019,10/9/2019,27.12,79.75,16.86,0.84,0.95,Aman
2019,10/10/2019,25.96,89.31,53.79,2.34,0.97,Aman
2019,10/11/2019,26.33,88.88,72.31,2.45,0.98,Aman
2019,10/12/2019,27.13,82.31,19.43,1.17,0.98,Aman
2019,10/13/2019,26.8,82.56,0,1.77,0.97,Aman
2019,10/14/2019,26.75,80.62,0.06,1.66,0.95,Aman
2019,10/15/2019,26.96,83.81,2.63,1.27,0.95,Aman
2019,10/16/2019,28.25,78.12,7.48,0.7,0.95,Aman
2019,10/17/2019,28.34,77.81,5.46,1.35,0.94,Aman
2019,10/18/2019,28.18,81.06,3.96,1.45,0.93,Aman
2019,10/19/2019,27.97,82.31,0,1.32,0.92,Aman
2019,10/20/2019,27.71,82.94,0,1.65,0.92,Aman
2019,10/21/2019,27.42,84.19,2.9,1.39,0.91,Aman
2019,10/22/2019,27.55,81.31,2.59,1.1,0.91,Aman
2019,10/23/2019,27.44,82.56,0.88,1.16,0.91,Aman
2019,10/24/2019,26.5,86,0.38,2.4,0.9,Aman
2019,10/25/2019,27.08,86.81,5.94,1.96,0.9,Aman
2019,10/26/2019,27.26,87.81,18.86,1.88,0.91,Aman
2019,10/27/2019,26.92,82.94,11.91,0.85,0.91,Aman
2019,10/28/2019,26.59,83.81,4.3,1.43,0.91,Aman
2019,10/29/2019,26.01,83.5,0,1.62,0.9,Aman
2019,10/30/2019,25.69,80.69,0,1.3,0.89,Aman
2019,10/31/2019,26.23,73.88,0,1.2,0.89,Aman
2019,11/1/2019,25.33,78.69,0,1.61,0.88,Boro
2019,11/2/2019,26.26,77.06,0,1.16,0.88,Boro
2019,11/3/2019,26.22,77.5,0,1.21,0.88,Boro
2019,11/4/2019,26.79,75.25,0,0.97,0.87,Boro
2019,11/5/2019,26.49,75.94,0,0.95,0.87,Boro
2019,11/6/2019,26.02,75.62,0,1.35,0.86,Boro
2019,11/7/2019,26.08,75.56,0.06,1.13,0.86,Boro
2019,11/8/2019,25.83,84.44,16.13,1.53,0.88,Boro
2019,11/9/2019,25.91,87.75,32.05,3.12,0.9,Boro
2019,11/10/2019,24.85,92.19,126.64,4.51,0.95,Boro
2019,11/11/2019,25.59,90.56,39.12,3.04,0.95,Boro
2019,11/12/2019,25.47,83.12,12.21,1.51,0.94,Boro
2019,11/13/2019,24.54,84.56,0,1.69,0.94,Boro
2019,11/14/2019,25.48,83.06,0,1.27,0.93,Boro
2019,11/15/2019,25.15,80.12,0,1.44,0.93,Boro
2019,11/16/2019,23.97,76.5,0.13,1.5,0.92,Boro
2019,11/17/2019,23.36,72.94,0,1.23,0.91,Boro
2019,11/18/2019,23.06,79.19,0,1.45,0.91,Boro
2019,11/19/2019,22.8,78,0,1.42,0.91,Boro
2019,11/20/2019,22.18,78.5,0,1.66,0.9,Boro
2019,11/21/2019,22.15,75.62,0,1.33,0.9,Boro
2019,11/22/2019,22.21,75.19,0,1.2,0.89,Boro
2019,11/23/2019,22.34,75.25,0,1.27,0.89,Boro
2019,11/24/2019,21.8,78.75,0,1.45,0.88,Boro
2019,11/25/2019,22.73,74.62,0,1.02,0.88,Boro
2019,11/26/2019,23.57,74.19,0,1,0.88,Boro
2019,11/27/2019,23.97,67.94,0,1.02,0.88,Boro
2019,11/28/2019,24.07,72.81,0,1.09,0.87,Boro
2019,11/29/2019,23.9,76.19,0,0.85,0.87,Boro
2019,11/30/2019,23.41,76,0,0.93,0.87,Boro
2019,12/1/2019,21.98,81.44,0,1.65,0.86,Boro
2019,12/2/2019,20.84,84.62,0,2.27,0.86,Boro
2019,12/3/2019,19.85,79.31,0,1.7,0.85,Boro
2019,12/4/2019,19.38,81.56,0,2,0.85,Boro
2019,12/5/2019,21.84,74.44,0,1.03,0.85,Boro
2019,12/6/2019,23.02,65.5,0,0.87,0.84,Boro
2019,12/7/2019,22.56,70,0,1.18,0.84,Boro
2019,12/8/2019,22.81,71,0,0.85,0.84,Boro
2019,12/9/2019,22.19,73.12,0,0.84,0.84,Boro
2019,12/10/2019,21.43,72.12,0,0.95,0.84,Boro
2019,12/11/2019,21.33,64.69,0,0.69,0.83,Boro
2019,12/12/2019,19.89,70.81,0,1.49,0.83,Boro
2019,12/13/2019,20.36,69.88,0,1.07,0.83,Boro
2019,12/14/2019,21,67.69,0,1.13,0.82,Boro
2019,12/15/2019,20.38,74.06,0,1.66,0.82,Boro
2019,12/16/2019,20.18,82.12,0,1.64,0.82,Boro
2019,12/17/2019,19.94,84.12,0,1.71,0.81,Boro
2019,12/18/2019,18.37,87.31,0,2.5,0.81,Boro
2019,12/19/2019,16.74,87.19,0,1.98,0.81,Boro
2019,12/20/2019,16.48,81.12,0,1.7,0.8,Boro
2019,12/21/2019,16.74,80.94,0,1.45,0.8,Boro
2019,12/22/2019,16.41,84.31,0,1.99,0.8,Boro
2019,12/23/2019,17.19,86.88,0,2.16,0.8,Boro
2019,12/24/2019,17.29,83.94,0,2.16,0.8,Boro
2019,12/25/2019,16.39,82.62,0,1.92,0.8,Boro
2019,12/26/2019,18.3,80.19,0.01,1.63,0.79,Boro
2019,12/27/2019,17.34,89.06,17.98,2,0.82,Boro
2019,12/28/2019,16.65,84.5,0.06,2.29,0.8,Boro
2019,12/29/2019,17.43,80.06,0.56,1.28,0.8,Boro
2019,12/30/2019,18.38,82.5,0,1.23,0.8,Boro
2019,12/31/2019,20.27,78.19,0,1.01,0.79,Boro
2020,1/1/2020,21.71,74.25,0.31,1.01,0.79,Boro
2020,1/2/2020,21.39,80,0.11,1.22,0.79,Boro
2020,1/3/2020,19.89,89.44,59.53,1.62,0.85,Boro
2020,1/4/2020,18.17,86.38,33.81,1.41,0.88,Boro
2020,1/5/2020,18.72,86.19,3.16,1.56,0.84,Boro
2020,1/6/2020,17.11,84.19,0.51,2.33,0.84,Boro
2020,1/7/2020,16.07,81.94,0,1.65,0.83,Boro
2020,1/8/2020,17.3,83.31,0,1.74,0.83,Boro
2020,1/9/2020,18.91,80.19,0.05,0.98,0.83,Boro
2020,1/10/2020,18.31,85.81,0.21,2.05,0.82,Boro
2020,1/11/2020,16.1,85.5,0.35,2.04,0.82,Boro
2020,1/12/2020,16.2,85.56,0,1.86,0.82,Boro
2020,1/13/2020,16.76,83.62,0,1.35,0.81,Boro
2020,1/14/2020,17.08,83.25,0,1.27,0.81,Boro
2020,1/15/2020,17.69,83.81,0,1.48,0.8,Boro
2020,1/16/2020,19.17,79.5,0,1.48,0.8,Boro
2020,1/17/2020,20.02,74.06,0,1.33,0.8,Boro
2020,1/18/2020,20.37,65.62,0,1.42,0.8,Boro
2020,1/19/2020,19.76,76,0,1.55,0.8,Boro
2020,1/20/2020,18.63,87.75,0,1.79,0.79,Boro
2020,1/21/2020,17.02,80.38,0,2.09,0.79,Boro
2020,1/22/2020,15.86,79.69,0,2.11,0.78,Boro
2020,1/23/2020,17.56,74.44,0,1.56,0.78,Boro
2020,1/24/2020,17.84,73.31,0,1.88,0.77,Boro
2020,1/25/2020,16.37,71.12,0,1.81,0.77,Boro
2020,1/26/2020,16.23,75.88,0,1.4,0.77,Boro
2020,1/27/2020,16.22,74.75,0,1.72,0.77,Boro
2020,1/28/2020,17.26,73.38,0,1.73,0.77,Boro
2020,1/29/2020,18.69,68.5,0.11,1.15,0.77,Boro
2020,1/30/2020,18.85,81,0.01,1.41,0.76,Boro
2020,1/31/2020,19.04,84.69,0,1.36,0.76,Boro
2020,2/1/2020,18.22,80.75,0,1.5,0.75,Boro
2020,2/2/2020,17.26,76.44,0,1.97,0.75,Boro
2020,2/3/2020,15.78,72.38,0,2.3,0.74,Boro
2020,2/4/2020,15.6,75.56,0,2.38,0.73,Boro
2020,2/5/2020,17.15,74.25,0,1.74,0.73,Boro
2020,2/6/2020,18.07,72.44,0,2.14,0.73,Boro
2020,2/7/2020,17.58,75.75,0,2.01,0.73,Boro
2020,2/8/2020,18.81,73.25,0,1.96,0.72,Boro
2020,2/9/2020,18.77,76.81,0,2.24,0.72,Boro
2020,2/10/2020,17.74,74.56,0,2.24,0.71,Boro
2020,2/11/2020,17.11,74.75,0,1.95,0.7,Boro
2020,2/12/2020,17.19,73.12,0,2.23,0.7,Boro
2020,2/13/2020,18.12,64.88,0,1.62,0.7,Boro
2020,2/14/2020,18.59,71.12,0,1.71,0.7,Boro
2020,2/15/2020,19.24,80.81,0,2.05,0.69,Boro
2020,2/16/2020,20.45,75.62,0,1.38,0.68,Boro
2020,2/17/2020,20.45,73.62,0,1.47,0.67,Boro
2020,2/18/2020,20.74,72.62,0,1.45,0.66,Boro
2020,2/19/2020,21.22,67.44,0,1.27,0.66,Boro
2020,2/20/2020,21.58,63.38,0,1.23,0.65,Boro
2020,2/21/2020,21.68,63.19,0,1.35,0.64,Boro
2020,2/22/2020,22.75,58.88,0,1.13,0.63,Boro
2020,2/23/2020,22.98,56.25,0,1.2,0.62,Boro
2020,2/24/2020,21.8,72.19,0,1.59,0.62,Boro
2020,2/25/2020,22.33,77.5,0.42,1.43,0.62,Boro
2020,2/26/2020,20.07,83.19,4.94,1.51,0.63,Boro
2020,2/27/2020,20.66,75.19,2.07,1.53,0.62,Boro
2020,2/28/2020,21.33,68.62,0.82,1.45,0.62,Boro
2020,2/29/2020,22.08,65.5,0,1.27,0.6,Boro
2020,3/1/2020,22.35,70.19,0,1.35,0.59,Aus
2020,3/2/2020,22.85,74.88,0.07,1.45,0.59,Aus
2020,3/3/2020,23.45,76.38,3.99,1.31,0.6,Aus
2020,3/4/2020,24.01,66.94,9.23,1.03,0.63,Aus
2020,3/5/2020,24.19,69.69,0.19,1.23,0.59,Aus
2020,3/6/2020,24.7,65.88,1.22,1.08,0.59,Aus
2020,3/7/2020,23.85,69.19,2.56,1.2,0.59,Aus
2020,3/8/2020,23.62,71.5,0.03,1.16,0.58,Aus
2020,3/9/2020,23.5,70.5,0,1.57,0.56,Aus
2020,3/10/2020,22.19,62.88,0,2.08,0.55,Aus
2020,3/11/2020,23.5,62.12,0,1.56,0.55,Aus
2020,3/12/2020,25.74,62.44,0,1.41,0.54,Aus
2020,3/13/2020,26.17,66.62,0,1.7,0.53,Aus
2020,3/14/2020,25.73,64.31,0,1.9,0.52,Aus
2020,3/15/2020,24.8,68.69,0,2.38,0.52,Aus
2020,3/16/2020,24.67,64.5,0,1.91,0.51,Aus
2020,3/17/2020,25.41,65,0,1.85,0.5,Aus
2020,3/18/2020,25.29,63.31,0,1.73,0.49,Aus
2020,3/19/2020,25.66,60.25,0,1.55,0.48,Aus
2020,3/20/2020,25.08,59.94,0.09,1.6,0.48,Aus
2020,3/21/2020,25.69,66.62,0,1.79,0.47,Aus
2020,3/22/2020,25.22,68.38,0.28,1.41,0.47,Aus
2020,3/23/2020,24.98,64.56,0.06,1.56,0.46,Aus
2020,3/24/2020,25.25,65.88,0.39,1.54,0.45,Aus
2020,3/25/2020,26.13,64.31,0.75,1.61,0.45,Aus
2020,3/26/2020,26.99,68.44,0.25,1.54,0.45,Aus
2020,3/27/2020,27.47,66.38,0,1.77,0.44,Aus
2020,3/28/2020,28.01,70.06,0,1.85,0.43,Aus
2020,3/29/2020,28.73,63.81,0,1.58,0.42,Aus
2020,3/30/2020,28.78,46.5,0,1.44,0.41,Aus
2020,3/31/2020,28.15,44.81,0,1.58,0.41,Aus
2020,4/1/2020,27.94,53.19,0,1.77,0.41,Aus
2020,4/2/2020,27.72,70.06,0.08,2.45,0.41,Aus
2020,4/3/2020,28.05,73.44,2.67,2.7,0.42,Aus
2020,4/4/2020,27.52,74.94,10.69,1.74,0.5,Aus
2020,4/5/2020,27.45,71.75,10.74,1.54,0.52,Aus
2020,4/6/2020,27.65,71.69,3.61,1.76,0.47,Aus
2020,4/7/2020,27.58,73.5,3.26,2.48,0.46,Aus
2020,4/8/2020,27.16,73.69,0,2.48,0.44,Aus
2020,4/9/2020,27.87,68.75,0,2.21,0.43,Aus
2020,4/10/2020,28.85,66.44,0.03,1.85,0.42,Aus
2020,4/11/2020,29.05,64.69,0.27,1.35,0.41,Aus
2020,4/12/2020,28.58,60.19,0.11,1.36,0.41,Aus
2020,4/13/2020,28.78,60.25,0,1.45,0.41,Aus
2020,4/14/2020,28.91,65.44,0,1.8,0.4,Aus
2020,4/15/2020,28.7,70.44,0.19,1.95,0.4,Aus
2020,4/16/2020,27.89,70.75,3,2.54,0.43,Aus
2020,4/17/2020,28.12,74.38,3.95,3.48,0.45,Aus
2020,4/18/2020,27.33,82.25,27.89,3.23,0.54,Aus
2020,4/19/2020,27.8,79.06,19.14,2.48,0.59,Aus
2020,4/20/2020,26.51,85.75,40.77,2.03,0.7,Aus
2020,4/21/2020,27.55,73.31,8.67,1.27,0.64,Aus
2020,4/22/2020,27.8,66.44,6.72,1.23,0.62,Aus
2020,4/23/2020,27.02,71.12,2.58,1.38,0.59,Aus
2020,4/24/2020,26.41,78.81,18.31,2.47,0.64,Aus
2020,4/25/2020,26.64,85,46.27,2.73,0.78,Aus
2020,4/26/2020,26.68,86.12,27.67,2.05,0.78,Aus
2020,4/27/2020,26.62,80.44,14.3,1.65,0.76,Aus
2020,4/28/2020,26.64,80.06,13.47,1.68,0.76,Aus
2020,4/29/2020,26.04,83.31,17.06,2.13,0.77,Aus
2020,4/30/2020,26.69,83.69,12.79,1.96,0.77,Aus
2020,5/1/2020,26.72,82.12,19.53,1.63,0.79,Aman
2020,5/2/2020,27.06,82.12,14.76,1.89,0.78,Aman
2020,5/3/2020,26.72,85.94,31.19,2.75,0.83,Aman
2020,5/4/2020,27.34,84.38,12.77,2.3,0.8,Aman
2020,5/5/2020,27.92,85,18.98,1.85,0.81,Aman
2020,5/6/2020,27.33,85.25,17.53,1.62,0.82,Aman
2020,5/7/2020,28.34,76.44,2.21,1.05,0.8,Aman
2020,5/8/2020,27.8,77,1,1.48,0.78,Aman
2020,5/9/2020,28.62,76.12,2.44,1.07,0.78,Aman
2020,5/10/2020,29.65,72.31,0.81,0.96,0.77,Aman
2020,5/11/2020,29.37,76.56,0,1.09,0.77,Aman
2020,5/12/2020,28.47,82.38,0,1.27,0.76,Aman
2020,5/13/2020,28.39,81,0.08,1.72,0.75,Aman
2020,5/14/2020,28.48,81.25,3.45,2.18,0.75,Aman
2020,5/15/2020,28.66,80.19,1.93,1.98,0.74,Aman
2020,5/16/2020,28.89,80.81,2.56,1.97,0.73,Aman
2020,5/17/2020,29.37,78.44,2.79,1.8,0.73,Aman
2020,5/18/2020,29.29,79.5,0,2.04,0.72,Aman
2020,5/19/2020,28.87,76.25,5.64,1.57,0.73,Aman
2020,5/20/2020,28.96,81.12,45.94,6.03,0.82,Aman
2020,5/21/2020,28.51,84.06,45.66,6.91,0.84,Aman
2020,5/22/2020,29.06,84.81,40.73,3.92,0.87,Aman
2020,5/23/2020,28.86,86.38,33.86,2.94,0.88,Aman
2020,5/24/2020,28.76,84.81,0.96,3.56,0.83,Aman
2020,5/25/2020,28.62,83.69,0.03,4.73,0.81,Aman
2020,5/26/2020,28.3,85.69,5.96,4.31,0.82,Aman
2020,5/27/2020,28.28,87.31,59.34,4.2,0.89,Aman
2020,5/28/2020,28.07,85.94,42.34,2.96,0.91,Aman
2020,5/29/2020,27.98,85.06,15.27,2.16,0.88,Aman
2020,5/30/2020,27.8,87.62,22.59,3.05,0.89,Aman
2020,5/31/2020,27.24,88.56,40.38,2.68,0.91,Aman
2020,6/1/2020,27.77,88.06,33.71,2.44,0.92,Aman
2020,6/2/2020,27.77,88.75,15.21,2.36,0.91,Aman
2020,6/3/2020,27.74,78.94,16.97,2.23,0.91,Aman
2020,6/4/2020,27.68,88.75,24.77,2.52,0.92,Aman
2020,6/5/2020,27.91,88.62,8.62,2.13,0.91,Aman
2020,6/6/2020,28.62,90.06,19.38,2.3,0.92,Aman
2020,6/7/2020,28.14,90.12,25.95,2.4,0.93,Aman
2020,6/8/2020,28.42,85,13.76,1.61,0.93,Aman
2020,6/9/2020,29.44,81,15.12,1.54,0.93,Aman
2020,6/10/2020,29.08,86.06,14.95,1.46,0.93,Aman
2020,6/11/2020,28.73,89.25,27.21,3.64,0.93,Aman
2020,6/12/2020,28.55,89.44,26.64,3.9,0.94,Aman
2020,6/13/2020,28.65,91.19,20.32,3.34,0.94,Aman
2020,6/14/2020,28.8,89.75,8.94,2.7,0.94,Aman
2020,6/15/2020,28.58,92.25,21.16,3.15,0.94,Aman
2020,6/16/2020,28.28,89.5,22.31,3.29,0.95,Aman
2020,6/17/2020,28.12,92.25,54.21,4.75,0.95,Aman
2020,6/18/2020,27.8,92,57.43,4.68,0.97,Aman
2020,6/19/2020,28.26,89.75,59.06,3.77,0.98,Aman
2020,6/20/2020,27.76,91,28.59,3.47,0.97,Aman
2020,6/21/2020,27.94,89.81,10.67,4.36,0.96,Aman
2020,6/22/2020,28.26,89.75,13.98,3.45,0.95,Aman
2020,6/23/2020,28.56,88.81,10.52,3.26,0.95,Aman
2020,6/24/2020,28.65,88.19,8.91,2.57,0.95,Aman
2020,6/25/2020,28.58,88.19,9.33,2.71,0.94,Aman
2020,6/26/2020,28.6,88.94,10.92,3.43,0.94,Aman
2020,6/27/2020,28.29,89.38,44.79,3.66,0.95,Aman
2020,6/28/2020,28.44,85.75,17.78,3.02,0.95,Aman
2020,6/29/2020,28.22,85.69,13.62,2.84,0.95,Aman
2020,6/30/2020,28.48,84.5,4.01,2.42,0.94,Aman
2020,7/1/2020,28.38,88.69,24.24,2.55,0.94,Aman
2020,7/2/2020,28.48,89.94,9.35,2.34,0.94,Aman
2020,7/3/2020,28.52,90.75,5.73,3.08,0.93,Aman
2020,7/4/2020,28.46,89.62,16.34,3.88,0.94,Aman
2020,7/5/2020,28.36,91.38,22.37,4.48,0.94,Aman
2020,7/6/2020,28.75,89.25,22.21,4.55,0.94,Aman
2020,7/7/2020,28.29,90.62,24.46,4.27,0.95,Aman
2020,7/8/2020,28.29,90.25,43.27,3.62,0.95,Aman
2020,7/9/2020,28.34,90.25,31.78,4.15,0.95,Aman
2020,7/10/2020,28.7,88.62,36.24,4.7,0.96,Aman
2020,7/11/2020,28.11,93.12,50.62,4.85,0.97,Aman
2020,7/12/2020,28.29,92.81,45.88,3.69,0.98,Aman
2020,7/13/2020,28.31,89.88,31.41,3.1,0.98,Aman
2020,7/14/2020,27.8,90.19,14.44,3.47,0.97,Aman
2020,7/15/2020,28.31,89.56,6.71,3.44,0.96,Aman
2020,7/16/2020,28.41,87.62,3.53,2.7,0.95,Aman
2020,7/17/2020,28.13,89.31,7.39,2.48,0.95,Aman
2020,7/18/2020,28.19,90.12,19.69,3.06,0.95,Aman
2020,7/19/2020,27.98,89.56,43.15,3.84,0.96,Aman
2020,7/20/2020,28.18,89.38,23.99,3.88,0.95,Aman
2020,7/21/2020,28.14,91,35.88,4.26,0.96,Aman
2020,7/22/2020,27.54,91.81,64.5,3.52,0.98,Aman
2020,7/23/2020,27.58,89.62,23.02,3.06,0.98,Aman
2020,7/24/2020,27.98,89.38,19.13,3.52,0.97,Aman
2020,7/25/2020,28.13,87,1.48,2.04,0.96,Aman
2020,7/26/2020,28.29,87.94,0.74,1.66,0.95,Aman
2020,7/27/2020,28.55,88.81,4.54,1.72,0.95,Aman
2020,7/28/2020,28.5,88,11.3,2.8,0.95,Aman
2020,7/29/2020,28.13,87.75,21.26,2.53,0.95,Aman
2020,7/30/2020,28.4,88.31,11.78,2.35,0.94,Aman
2020,7/31/2020,28.51,87.19,9.09,1.95,0.94,Aman
2020,8/1/2020,29.33,83.44,4.78,1.17,0.93,Aman
2020,8/2/2020,29.53,85.38,15.49,1.4,0.93,Aman
2020,8/3/2020,29.21,88.81,18.55,1.41,0.93,Aman
2020,8/4/2020,28.2,91.75,17.79,3.05,0.94,Aman
2020,8/5/2020,28.4,89,10.48,4.72,0.93,Aman
2020,8/6/2020,28.05,90.31,17.27,4.29,0.93,Aman
2020,8/7/2020,28.51,89.06,16.21,3.02,0.94,Aman
2020,8/8/2020,28.42,87.38,10.03,3.1,0.93,Aman
2020,8/9/2020,28.43,88,2.91,3.38,0.92,Aman
2020,8/10/2020,28.38,89.62,5.77,2.8,0.91,Aman
2020,8/11/2020,28.58,89.56,31.53,3.96,0.93,Aman
2020,8/12/2020,28.78,89.38,11,3.61,0.92,Aman
2020,8/13/2020,29.04,86.44,4.08,2.55,0.91,Aman
2020,8/14/2020,28.27,87.81,5.43,3.76,0.91,Aman
2020,8/15/2020,28.28,89.06,52.29,6.53,0.94,Aman
2020,8/16/2020,28.01,88.62,25.66,5.92,0.93,Aman
2020,8/17/2020,27.94,89.62,34.8,5.74,0.95,Aman
2020,8/18/2020,27.84,91.44,24.73,4.7,0.95,Aman
2020,8/19/2020,27.26,92.75,6.43,4.3,0.94,Aman
2020,8/20/2020,26.86,93.12,32.26,4.43,0.95,Aman
2020,8/21/2020,26.94,91.56,33.68,3.44,0.95,Aman
2020,8/22/2020,26.95,92.94,54.32,2.8,0.97,Aman
2020,8/23/2020,27.38,89.25,22.97,2.44,0.97,Aman
2020,8/24/2020,27.85,88.38,34.66,2.69,0.97,Aman
2020,8/25/2020,27.62,90.88,8.68,4.63,0.96,Aman
2020,8/26/2020,27.12,91.31,5.55,4.16,0.96,Aman
2020,8/27/2020,27.34,91,14.94,3.25,0.95,Aman
2020,8/28/2020,27.63,89.31,10.8,3.12,0.95,Aman
2020,8/29/2020,27.94,88.44,14.75,2.64,0.95,Aman
2020,8/30/2020,28.32,87.88,4.84,1.94,0.94,Aman
2020,8/31/2020,28.31,90.31,17.26,1.95,0.95,Aman
2020,9/1/2020,27.76,89.5,14.21,2.12,0.95,Aman
2020,9/2/2020,28,86.5,12.99,2.38,0.94,Aman
2020,9/3/2020,28.8,82,2.8,1.47,0.93,Aman
2020,9/4/2020,29.35,82.5,1.23,1.34,0.92,Aman
2020,9/5/2020,28.76,86.69,0.18,1.93,0.91,Aman
2020,9/6/2020,28.69,85.44,2.68,2.18,0.91,Aman
2020,9/7/2020,28.05,87.25,5.77,1.55,0.91,Aman
2020,9/8/2020,28.8,85.69,5.61,1.69,0.91,Aman
2020,9/9/2020,28.53,86.88,5.6,1.91,0.91,Aman
2020,9/10/2020,28.36,87.69,34.34,2.57,0.92,Aman
2020,9/11/2020,28.12,89.06,19.79,2.28,0.92,Aman
2020,9/12/2020,28.12,89.06,21.63,2.34,0.93,Aman
2020,9/13/2020,27.86,89.19,23.06,1.96,0.93,Aman
2020,9/14/2020,28.34,88.31,14.05,2.32,0.93,Aman
2020,9/15/2020,28.19,88.75,23.15,2.64,0.94,Aman
2020,9/16/2020,28.15,89.06,28.27,2.45,0.95,Aman
2020,9/17/2020,28.42,87.88,18.26,1.84,0.95,Aman
2020,9/18/2020,29.68,81.19,5.51,0.81,0.94,Aman
2020,9/19/2020,30.23,84.31,3.13,1.21,0.93,Aman
2020,9/20/2020,30.1,81.38,14.97,2.58,0.93,Aman
2020,9/21/2020,28.01,90.5,18.29,4.65,0.93,Aman
2020,9/22/2020,28.18,92.5,40.15,4.62,0.95,Aman
2020,9/23/2020,28.19,92.44,39.86,3.35,0.95,Aman
2020,9/24/2020,28.15,90.88,50.72,3.56,0.97,Aman
2020,9/25/2020,28.05,91.69,44.98,4.14,0.97,Aman
2020,9/26/2020,28.05,91.19,46.11,4.46,0.98,Aman
2020,9/27/2020,27.69,91,61.65,3.03,0.98,Aman
2020,9/28/2020,27.94,88.06,28.27,1.59,0.98,Aman
2020,9/29/2020,28.79,81.12,25.02,0.63,0.98,Aman
2020,9/30/2020,28.62,84.06,14.26,1.49,0.98,Aman
2020,10/1/2020,28.3,87.75,18.88,1.46,0.98,Aman
2020,10/2/2020,28.2,88.19,3.11,1.98,0.97,Aman
2020,10/3/2020,28.52,87.56,14.66,1.81,0.96,Aman
2020,10/4/2020,28.43,87.5,8.21,1.6,0.95,Aman
2020,10/5/2020,27.93,89,28.48,1.88,0.96,Aman
2020,10/6/2020,27.73,88.88,21.6,2.05,0.96,Aman
2020,10/7/2020,27.99,82.12,6.51,1.14,0.96,Aman
2020,10/8/2020,29.63,74.69,0.59,0.96,0.95,Aman
2020,10/9/2020,29.55,83,1.72,0.99,0.95,Aman
2020,10/10/2020,29.52,81.06,4.33,1.09,0.94,Aman
2020,10/11/2020,29.62,79.62,1.04,1.16,0.93,Aman
2020,10/12/2020,29.41,80.81,9.23,1.18,0.93,Aman
2020,10/13/2020,29.33,81.69,20.51,1.25,0.94,Aman
2020,10/14/2020,28.85,84.81,16.19,1.03,0.94,Aman
2020,10/15/2020,29.33,80.88,7.01,1.1,0.94,Aman
2020,10/16/2020,29.36,82,9.44,1.43,0.93,Aman
2020,10/17/2020,28.67,84.38,13.15,1.15,0.93,Aman
2020,10/18/2020,28.69,74.25,16.11,0.95,0.94,Aman
2020,10/19/2020,28.5,77.56,14.59,0.78,0.94,Aman
2020,10/20/2020,26.68,86.31,5.8,2.01,0.94,Aman
2020,10/21/2020,26.53,88.69,12.78,1.75,0.94,Aman
2020,10/22/2020,25.94,92.31,105.91,3.46,0.97,Aman
2020,10/23/2020,26.67,92.12,111.93,5.85,0.98,Aman
2020,10/24/2020,27.33,89.81,37.16,4.31,0.98,Aman
2020,10/25/2020,27.73,81.69,17.95,1.02,0.98,Aman
2020,10/26/2020,27.9,80.69,2.99,0.88,0.97,Aman
2020,10/27/2020,27.17,85.44,0.01,1.63,0.96,Aman
2020,10/28/2020,27.15,85.12,0.01,1.68,0.95,Aman
2020,10/29/2020,27.58,84,1.96,1.31,0.95,Aman
2020,10/30/2020,27.88,84.81,7.25,1.27,0.95,Aman
2020,10/31/2020,26.68,86.56,43.83,1.8,0.96,Aman
2020,11/1/2020,26.13,86.56,60.76,1.53,0.98,Boro
2020,11/2/2020,26.33,88.88,14.45,2,0.97,Boro
2020,11/3/2020,25.65,91.12,48.1,1.9,0.98,Boro
2020,11/4/2020,25.7,92.62,49.14,1.99,0.98,Boro
2020,11/5/2020,25.82,78.81,1.84,1.43,0.98,Boro
2020,11/6/2020,23.09,81.38,0.35,2.08,0.97,Boro
2020,11/7/2020,23.48,77.31,0,1.65,0.96,Boro
2020,11/8/2020,25.24,78.5,0.01,1.26,0.95,Boro
2020,11/9/2020,25.87,77.94,0,1.32,0.95,Boro
2020,11/10/2020,26.33,74.69,0,1.22,0.94,Boro
2020,11/11/2020,26.23,77.81,0,1.18,0.93,Boro
2020,11/12/2020,26.73,73.19,0,0.77,0.92,Boro
2020,11/13/2020,26.74,73.81,0,1,0.92,Boro
2020,11/14/2020,25.94,78.75,0,1.3,0.91,Boro
2020,11/15/2020,24.94,81.38,0,1.5,0.91,Boro
2020,11/16/2020,24.81,80.38,0,1.23,0.91,Boro
2020,11/17/2020,24.84,74.81,0,1.12,0.9,Boro
2020,11/18/2020,23.8,72.56,0,1.48,0.89,Boro
2020,11/19/2020,22.26,81.44,0,1.72,0.89,Boro
2020,11/20/2020,23.75,72.31,0,1.27,0.88,Boro
2020,11/21/2020,24.58,71.31,4.56,0.81,0.88,Boro
2020,11/22/2020,23.33,83.62,31.73,1.88,0.91,Boro
2020,11/23/2020,20.12,81.62,0,2.19,0.89,Boro
2020,11/24/2020,20.65,79,0,1.45,0.89,Boro
2020,11/25/2020,22.01,77.19,0,0.88,0.88,Boro
2020,11/26/2020,22.32,76.75,0,1.01,0.88,Boro
2020,11/27/2020,22.46,73.19,0,1.2,0.88,Boro
2020,11/28/2020,22.36,82.19,0,1.52,0.88,Boro
2020,11/29/2020,22.73,83.88,0,1.7,0.88,Boro
2020,11/30/2020,22.92,78.62,0,1.23,0.87,Boro
2020,12/1/2020,22.8,74.75,0,1.05,0.87,Boro
2020,12/2/2020,22.33,70.75,0,0.91,0.87,Boro
2020,12/3/2020,22.57,72.12,0,0.73,0.86,Boro
2020,12/4/2020,22.17,71.94,0,0.74,0.86,Boro
2020,12/5/2020,22.26,68.12,0,0.7,0.86,Boro
2020,12/6/2020,21.8,72.38,0,1.01,0.85,Boro
2020,12/7/2020,20.35,80.31,0,1.42,0.85,Boro
2020,12/8/2020,20.34,82.44,0,1.39,0.85,Boro
2020,12/9/2020,19.73,82.62,0,1.27,0.84,Boro
2020,12/10/2020,19.45,82.5,0,1.33,0.84,Boro
2020,12/11/2020,19.53,78,0,1.34,0.84,Boro
2020,12/12/2020,19.12,82,0,1.26,0.84,Boro
2020,12/13/2020,19.64,84.5,0,1.54,0.84,Boro
2020,12/14/2020,19.9,86.62,0,1.99,0.84,Boro
2020,12/15/2020,19.38,85.31,0,2.15,0.83,Boro
2020,12/16/2020,19.74,86.38,0,2.05,0.83,Boro
2020,12/17/2020,19.66,86.31,0,2.05,0.83,Boro
2020,12/18/2020,18.39,85.12,0,2.28,0.82,Boro
2020,12/19/2020,16.55,84.94,0,2.45,0.82,Boro
2020,12/20/2020,16.23,83.12,0,2.04,0.82,Boro
2020,12/21/2020,17.14,81.69,0,1.3,0.81,Boro
2020,12/22/2020,18.49,74,0,0.92,0.81,Boro
2020,12/23/2020,18.5,73.62,0,0.87,0.81,Boro
2020,12/24/2020,19.29,69.81,0,0.94,0.8,Boro
2020,12/25/2020,18.47,77,0,1.37,0.8,Boro
2020,12/26/2020,18.01,83.94,0,1.81,0.8,Boro
2020,12/27/2020,17.48,80,0,1.74,0.8,Boro
2020,12/28/2020,17.4,77.75,0,1.57,0.8,Boro
2020,12/29/2020,17.05,79.88,0,1.81,0.8,Boro
2020,12/30/2020,17.47,81.69,0,1.85,0.79,Boro
2020,12/31/2020,18.16,80.62,0,1.42,0.79,Boro
